RDF Type,uri,Official Label,alt label #0,alt label #1,alt label #2,alt label #3,alt label #4,alt label #5,alt label #6,alt label #7,alt label #8,alt label #9,alt label #10,alt label #11,alt label #12
http://id.lincsproject.ca/identity/GeographicHeritage,http://vocab.getty.edu/tgn/7000198,India,India,Indian,,,,,,,,,,,
http://id.lincsproject.ca/identity/GeographicHeritage,http://vocab.getty.edu/tgn/7004550,West Indies,West Indian,,,,,,,,,,,,
http://id.lincsproject.ca/identity/GeographicHeritage,http://vocab.getty.edu/tgn/7017283,Glaswegians,Glaswegians,,,,,,,,,,,,
http://id.lincsproject.ca/identity/GeographicHeritage,http://vocab.getty.edu/tgn/7032932,East Africa,East Africa,,,,,,,,,,,,
http://id.lincsproject.ca/identity/GeographicHeritage,https://sws.geonames.org/11609047,Lancastrian,Lancastrian,Lancashire,,,,,,,,,,,
http://id.lincsproject.ca/identity/GeographicHeritage,https://sws.geonames.org/2186224,New Zealand,New Zealand,,,,,,,,,,,,
http://id.lincsproject.ca/identity/GeographicHeritage,https://sws.geonames.org/2510769,Spanish,Spanish,spain,,,,,,,,,,,
http://id.lincsproject.ca/identity/GeographicHeritage,https://sws.geonames.org/2634895,Wales,Wales,Welsh,,,,,,,,,,,
http://id.lincsproject.ca/identity/GeographicHeritage,https://sws.geonames.org/2635167,British,British,,,,,,,,,,,,
http://id.lincsproject.ca/identity/GeographicHeritage,https://sws.geonames.org/2638010,Shetland,Shetland,,,,,,,,,,,,
http://id.lincsproject.ca/identity/GeographicHeritage,https://sws.geonames.org/2638360,Scotland,Scotland,Scottish,,,,,,,,,,,
http://id.lincsproject.ca/identity/GeographicHeritage,https://sws.geonames.org/2641364,Northern Irish,Northern Irish,,,,,,,,,,,,
http://id.lincsproject.ca/identity/GeographicHeritage,https://sws.geonames.org/2652355,Cornish,Cornish,Cornwall,,,,,,,,,,,
http://id.lincsproject.ca/identity/GeographicHeritage,https://sws.geonames.org/2661886,Sweden,Sweden,Swedish,,,,,,,,,,,
http://id.lincsproject.ca/identity/GeographicHeritage,https://sws.geonames.org/2750405,Dutch,Dutch,,,,,,,,,,,,
http://id.lincsproject.ca/identity/GeographicHeritage,https://sws.geonames.org/2782113,Austria,Austria,,,,,,,,,,,,
http://id.lincsproject.ca/identity/GeographicHeritage,https://sws.geonames.org/2921044,Germany,Germany,German,,,,,,,,,,,
http://id.lincsproject.ca/identity/GeographicHeritage,https://sws.geonames.org/2963597,Ireland,Ireland,Irish,,,,,,,,,,,
http://id.lincsproject.ca/identity/GeographicHeritage,https://sws.geonames.org/3017382,France,France,French,,,,,,,,,,,
http://id.lincsproject.ca/identity/GeographicHeritage,https://sws.geonames.org/3077311,Czech Republic,Czech Republic,,,,,,,,,,,,
http://id.lincsproject.ca/identity/GeographicHeritage,https://sws.geonames.org/3164603,Venice,Venice,Venetian,,,,,,,,,,,
http://id.lincsproject.ca/identity/GeographicHeritage,https://sws.geonames.org/3489940,Jamaica,Jamaica,,,,,,,,,,,,
http://id.lincsproject.ca/identity/GeographicHeritage,https://sws.geonames.org/357994,Egypt,Egypt,Egyptian,,,,,,,,,,,
http://id.lincsproject.ca/identity/GeographicHeritage,https://sws.geonames.org/4662168,Tennessee,Tennessee,,,,,,,,,,,,
http://id.lincsproject.ca/identity/GeographicHeritage,https://sws.geonames.org/4736286,Texas,Texas,Texan,,,,,,,,,,,
http://id.lincsproject.ca/identity/GeographicHeritage,https://sws.geonames.org/5128581,New Yorker,New Yorker,,,,,,,,,,,,
http://id.lincsproject.ca/identity/GeographicHeritage,https://sws.geonames.org/6252001,America,America,,,,,,,,,,,,
http://id.lincsproject.ca/identity/GeographicHeritage,https://sws.geonames.org/6252001,Usa,USA,American,,,,,,,,,,,
http://id.lincsproject.ca/identity/GeographicHeritage,https://sws.geonames.org/6255146,Africa,Africa,,,,,,,,,,,,
http://id.lincsproject.ca/identity/GeographicHeritage,https://sws.geonames.org/6255148,European,European,,,,,,,,,,,,
http://id.lincsproject.ca/identity/GeographicHeritage,https://sws.geonames.org/6269131,England,England,English,north of England,northern English,London,Londoner,northern england,,,,,,
http://id.lincsproject.ca/identity/GeographicHeritage,https://sws.geonames.org/6951102,Italy,Italy,Italian,,,,,,,,,,,
http://id.lincsproject.ca/identity/GeographicHeritage,https://sws.geonames.org/7729891,Caribbean,Caribbean,,,,,,,,,,,,
http://id.lincsproject.ca/identity/GeographicHeritage,https://sws.geonames.org/8502102,New England,New England,New Englander,,,,,,,,,,,
http://id.lincsproject.ca/identity/GeographicHeritage,https://sws.geonames.org/8581589,Yorkshire,Yorkshirewoman,,,,,,,,,,,,
http://id.lincsproject.ca/identity/GeographicHeritage,https://sws.geonames.org/953987,South Africa,South Africa,,,,,,,,,,,,
http://id.lincsproject.ca/identity/Language,http://id.loc.gov/vocabulary/languages/ara,Arabic,arabic,,,,,,,,,,,,
http://id.lincsproject.ca/identity/Language,http://id.loc.gov/vocabulary/languages/ben,Bengali,bengali,,,,,,,,,,,,
http://id.lincsproject.ca/identity/Language,http://id.loc.gov/vocabulary/languages/bul,Bulgarian,bulgarian,,,,,,,,,,,,
http://id.lincsproject.ca/identity/Language,http://id.loc.gov/vocabulary/languages/chi,Chinese,chinese,,,,,,,,,,,,
http://id.lincsproject.ca/identity/Language,http://id.loc.gov/vocabulary/languages/cze,Czech,czech,,,,,,,,,,,,
http://id.lincsproject.ca/identity/Language,http://id.loc.gov/vocabulary/languages/eng,English,english,,,,,,,,,,,,
http://id.lincsproject.ca/identity/Language,http://id.loc.gov/vocabulary/languages/fre,French,french,,,,,,,,,,,,
http://id.lincsproject.ca/identity/Language,http://id.loc.gov/vocabulary/languages/ger,German,german,,,,,,,,,,,,
http://id.lincsproject.ca/identity/Language,http://id.loc.gov/vocabulary/languages/gla,Gaelic,gaelic,,,,,,,,,,,,
http://id.lincsproject.ca/identity/Language,http://id.loc.gov/vocabulary/languages/gle,Irish,irish,,,,,,,,,,,,
http://id.lincsproject.ca/identity/Language,http://id.loc.gov/vocabulary/languages/guj,Gujarati,gujarati,guzerati,,,,,,,,,,,
http://id.lincsproject.ca/identity/Language,http://id.loc.gov/vocabulary/languages/heb,Hebrew,hebrew,,,,,,,,,,,,
http://id.lincsproject.ca/identity/Language,http://id.loc.gov/vocabulary/languages/hin,Hindi,hindi,,,,,,,,,,,,
http://id.lincsproject.ca/identity/Language,http://id.loc.gov/vocabulary/languages/ita,Italian,italian,,,,,,,,,,,,
http://id.lincsproject.ca/identity/Language,http://id.loc.gov/vocabulary/languages/jpn,Japanese,Japanese,,,,,,,,,,,,
http://id.lincsproject.ca/identity/Language,http://id.loc.gov/vocabulary/languages/kan,Kanarese,kanarese,,,,,,,,,,,,
http://id.lincsproject.ca/identity/Language,http://id.loc.gov/vocabulary/languages/lat,Latin,latin,,,,,,,,,,,,
http://id.lincsproject.ca/identity/Language,http://id.loc.gov/vocabulary/languages/mar,Marathi,marathi,,,,,,,,,,,,
http://id.lincsproject.ca/identity/Language,http://id.loc.gov/vocabulary/languages/may,Malay,malay,,,,,,,,,,,,
http://id.lincsproject.ca/identity/Language,http://id.loc.gov/vocabulary/languages/per,Persian,persian,,,,,,,,,,,,
http://id.lincsproject.ca/identity/Language,http://id.loc.gov/vocabulary/languages/pli,Pali,pali,,,,,,,,,,,,
http://id.lincsproject.ca/identity/Language,http://id.loc.gov/vocabulary/languages/pol,Polish,Polish,,,,,,,,,,,,
http://id.lincsproject.ca/identity/Language,http://id.loc.gov/vocabulary/languages/rus,Russian,russian,,,,,,,,,,,,
http://id.lincsproject.ca/identity/Language,http://id.loc.gov/vocabulary/languages/san,Sanskrit,sanskrit,,,,,,,,,,,,
http://id.lincsproject.ca/identity/Language,http://id.loc.gov/vocabulary/languages/spa,Spanish,spanish,,,,,,,,,,,,
http://id.lincsproject.ca/identity/Language,http://id.loc.gov/vocabulary/languages/tha,Thai,thai,,,,,,,,,,,,
http://id.lincsproject.ca/identity/Language,http://id.loc.gov/vocabulary/languages/ukr,Ukrainian,Ukrainian,,,,,,,,,,,,
http://id.lincsproject.ca/identity/Language,http://id.loc.gov/vocabulary/languages/urdu,Hindustani,hindustani,Urdu,,,,,,,,,,,
http://id.lincsproject.ca/identity/Language,http://id.loc.gov/vocabulary/languages/wel,Welsh,welsh,,,,,,,,,,,,
http://id.lincsproject.ca/identity/NationalHeritage,http://vocab.getty.edu/aat/300015776,Nigerian,nigerian,,,,,,,,,,,,
http://id.lincsproject.ca/identity/NationalHeritage,http://vocab.getty.edu/aat/300018863,Indian (South Asian),indian,,,,,,,,,,,,
http://id.lincsproject.ca/identity/NationalHeritage,http://vocab.getty.edu/aat/300021959,New Zealand,new zealander,new zealand,,,,,,,,,,,
http://id.lincsproject.ca/identity/NationalHeritage,http://vocab.getty.edu/aat/300107948,Cuban,cuban,,,,,,,,,,,,
http://id.lincsproject.ca/identity/NationalHeritage,http://vocab.getty.edu/aat/300107950,Jamaican,jamaican,jamaica,,,,,,,,,,,
http://id.lincsproject.ca/identity/NationalHeritage,http://vocab.getty.edu/aat/300107956,American (North American),american,america,usa,us,united states,,,,,,,,
http://id.lincsproject.ca/identity/NationalHeritage,http://vocab.getty.edu/aat/300107962,Canadian,canadian,,,,,,,,,,,,
http://id.lincsproject.ca/identity/NationalHeritage,http://vocab.getty.edu/aat/300107967,Brazilian,Brazilian,,,,,,,,,,,,
http://id.lincsproject.ca/identity/NationalHeritage,http://vocab.getty.edu/aat/300107971,Peruvian,peruvian,,,,,,,,,,,,
http://id.lincsproject.ca/identity/NationalHeritage,http://vocab.getty.edu/aat/300111153,Austrian,austrian,,,,,,,,,,,,
http://id.lincsproject.ca/identity/NationalHeritage,http://vocab.getty.edu/aat/300111156,Belgian (modern),Belgian,,,,,,,,,,,,
http://id.lincsproject.ca/identity/NationalHeritage,http://vocab.getty.edu/aat/300111159,British (modern),british,,,,,,,,,,,,
http://id.lincsproject.ca/identity/NationalHeritage,http://vocab.getty.edu/aat/300111163,Bulgarian (culture or style),bulgarian,,,,,,,,,,,,
http://id.lincsproject.ca/identity/NationalHeritage,http://vocab.getty.edu/aat/300111172,Danish (culture or style),danish,denmark,,,,,,,,,,,
http://id.lincsproject.ca/identity/NationalHeritage,http://vocab.getty.edu/aat/300111175,Dutch (culture or style),netherlands,the netherlands,dutch,,,,,,,,,,
http://id.lincsproject.ca/identity/NationalHeritage,http://vocab.getty.edu/aat/300111178,English (culture or style),english,englishwoman,england,english born,english father,half english,northern english,anglo,,,,,
http://id.lincsproject.ca/identity/NationalHeritage,http://vocab.getty.edu/aat/300111188,French (culture or style),french,french extraction,french mother,half french,,,,,,,,,
http://id.lincsproject.ca/identity/NationalHeritage,http://vocab.getty.edu/aat/300111192,"German (culture, style, period)",german,germany,,,,,,,,,,,
http://id.lincsproject.ca/identity/NationalHeritage,http://vocab.getty.edu/aat/300111195,Hungarian,hungarian,,,,,,,,,,,,
http://id.lincsproject.ca/identity/NationalHeritage,http://vocab.getty.edu/aat/300111198,Italian (culture or style),italian,italy,,,,,,,,,,,
http://id.lincsproject.ca/identity/NationalHeritage,http://vocab.getty.edu/aat/300111204,Polish (culture),polish,pollish,,,,,,,,,,,
http://id.lincsproject.ca/identity/NationalHeritage,http://vocab.getty.edu/aat/300111207,Portuguese (culture or style),portuguese,portugal,,,,,,,,,,,
http://id.lincsproject.ca/identity/NationalHeritage,http://vocab.getty.edu/aat/300111210,Romanian (culture or style),romania,,,,,,,,,,,,
http://id.lincsproject.ca/identity/NationalHeritage,http://vocab.getty.edu/aat/300111212,Scottish,scottish,scots,scotswoman,scotland,half scots,scotch,shetland,scot,,,,,
http://id.lincsproject.ca/identity/NationalHeritage,http://vocab.getty.edu/aat/300111215,Spanish (culture or style),spanish,spain,,,,,,,,,,,
http://id.lincsproject.ca/identity/NationalHeritage,http://vocab.getty.edu/aat/300111218,Swedish (culture or style),swedish,,,,,,,,,,,,
http://id.lincsproject.ca/identity/NationalHeritage,http://vocab.getty.edu/aat/300111221,Swiss,swiss,,,,,,,,,,,,
http://id.lincsproject.ca/identity/NationalHeritage,http://vocab.getty.edu/aat/300111225,Welsh (culture or style),welsh,welsh extraction,Welsh lineage (ancient descent though little money on both sides of her family).,Walsh,welshwoman,,,,,,,,
http://id.lincsproject.ca/identity/NationalHeritage,http://vocab.getty.edu/aat/300111259,Irish,irish,irishwoman,half irish,ireland,irishness,,,,,,,,
http://id.lincsproject.ca/identity/NationalHeritage,http://vocab.getty.edu/aat/300111276,Russian (culture or style),russian,,,,,,,,,,,,
http://id.lincsproject.ca/identity/NationalHeritage,http://vocab.getty.edu/aat/300193868,Turkish (culture or style),turkish,,,,,,,,,,,,
http://id.lincsproject.ca/identity/NationalHeritage,http://vocab.getty.edu/aat/300262651,Ghanaian,ghanaian,,,,,,,,,,,,
http://id.lincsproject.ca/identity/NationalHeritage,http://vocab.getty.edu/aat/300266840,Pakistani,Pakistani,,,,,,,,,,,,
http://id.lincsproject.ca/identity/NationalHeritage,http://vocab.getty.edu/aat/300379451,Lithuanian (culture or style),lithuanian,lithuania,,,,,,,,,,,
http://id.lincsproject.ca/identity/NationalHeritage,http://vocab.getty.edu/aat/300380343,Ukrainian (culture or style),ukrainian,,,,,,,,,,,,
http://id.lincsproject.ca/identity/NationalHeritage,http://vocab.getty.edu/aat/300386017,Corsican (culture or style),corsican,,,,,,,,,,,,
http://id.lincsproject.ca/identity/NationalHeritage,http://vocab.getty.edu/aat/300386387,Latvian (culture or style),latvian,,,,,,,,,,,,
http://id.lincsproject.ca/identity/NationalHeritage,http://vocab.getty.edu/aat/300386467,Northern Irish,northern irish,northern ireland,ulster irish protestants,,,,,,,,,,
http://id.lincsproject.ca/identity/NationalHeritage,http://vocab.getty.edu/aat/300386576,Viennese,viennese,,,,,,,,,,,,
http://id.lincsproject.ca/identity/NationalIdentity,http://vocab.getty.edu/aat/300015776,Nigerian,nigerian,,,,,,,,,,,,
http://id.lincsproject.ca/identity/NationalIdentity,http://vocab.getty.edu/aat/300018322,Chinese (culture or style),chinese,,,,,,,,,,,,
http://id.lincsproject.ca/identity/NationalIdentity,http://vocab.getty.edu/aat/300018863,Indian (South Asian),indian,,,,,,,,,,,,
http://id.lincsproject.ca/identity/NationalIdentity,http://vocab.getty.edu/aat/300021861,Australian,australian,australia,,,,,,,,,,,
http://id.lincsproject.ca/identity/NationalIdentity,http://vocab.getty.edu/aat/300021959,New Zealand,new zealander,,,,,,,,,,,,
http://id.lincsproject.ca/identity/NationalIdentity,http://vocab.getty.edu/aat/300107950,Jamaican,jamaican,,,,,,,,,,,,
http://id.lincsproject.ca/identity/NationalIdentity,http://vocab.getty.edu/aat/300107956,American (North American),american,america,usa,us,united states,,,,,,,,
http://id.lincsproject.ca/identity/NationalIdentity,http://vocab.getty.edu/aat/300107962,Canadian,canadian,,,,,,,,,,,,
http://id.lincsproject.ca/identity/NationalIdentity,http://vocab.getty.edu/aat/300107963,Mexican,Mexico,Mexican,,,,,,,,,,,
http://id.lincsproject.ca/identity/NationalIdentity,http://vocab.getty.edu/aat/300111159,British (modern),british,,,,,,,,,,,,
http://id.lincsproject.ca/identity/NationalIdentity,http://vocab.getty.edu/aat/300111172,Danish (culture or style),danish,denmark,,,,,,,,,,,
http://id.lincsproject.ca/identity/NationalIdentity,http://vocab.getty.edu/aat/300111178,English (culture or style),english,englishwoman,england,english born,english father,half english,northern english,anglo,,,,,
http://id.lincsproject.ca/identity/NationalIdentity,http://vocab.getty.edu/aat/300111188,French (culture or style),french,french extraction,french mother,half french,,,,,,,,,
http://id.lincsproject.ca/identity/NationalIdentity,http://vocab.getty.edu/aat/300111192,"German (culture, style, period)",german,,,,,,,,,,,,
http://id.lincsproject.ca/identity/NationalIdentity,http://vocab.getty.edu/aat/300111195,Hungarian,hungarian,,,,,,,,,,,,
http://id.lincsproject.ca/identity/NationalIdentity,http://vocab.getty.edu/aat/300111198,Italian (culture or style),italian,italy,,,,,,,,,,,
http://id.lincsproject.ca/identity/NationalIdentity,http://vocab.getty.edu/aat/300111212,Scottish,scottish,scots,scotswoman,scotland,half scots,scotch,shetland,scot,,,,,
http://id.lincsproject.ca/identity/NationalIdentity,http://vocab.getty.edu/aat/300111215,Spanish (culture or style),spanish,spain,,,,,,,,,,,
http://id.lincsproject.ca/identity/NationalIdentity,http://vocab.getty.edu/aat/300111225,Welsh (culture or style),welsh,welsh extraction,Welsh lineage (ancient descent though little money on both sides of her family).,Walsh,welshwoman,,,,,,,,
http://id.lincsproject.ca/identity/NationalIdentity,http://vocab.getty.edu/aat/300111259,Irish,irish,irishwoman,half irish,ireland,irishness,,,,,,,,
http://id.lincsproject.ca/identity/NationalIdentity,http://vocab.getty.edu/aat/300111276,Russian (culture or style),russian,,,,,,,,,,,,
http://id.lincsproject.ca/identity/NationalIdentity,http://vocab.getty.edu/aat/300262654,Kenyan,kenyan,,,,,,,,,,,,
http://id.lincsproject.ca/identity/NationalIdentity,http://vocab.getty.edu/aat/300262699,Algerian,algerian,,,,,,,,,,,,
http://id.lincsproject.ca/identity/NationalIdentity,http://vocab.getty.edu/aat/300262706,South African,south african,,,,,,,,,,,,
http://id.lincsproject.ca/identity/NationalIdentity,http://vocab.getty.edu/aat/300266840,Pakistani,Pakistani,,,,,,,,,,,,
http://id.lincsproject.ca/identity/NationalIdentity,http://vocab.getty.edu/aat/300386124,Genoese,genoese,,,,,,,,,,,,
http://id.lincsproject.ca/identity/NationalIdentity,http://vocab.getty.edu/aat/300386129,Guyanese,guyanan,,,,,,,,,,,,
http://id.lincsproject.ca/identity/NationalIdentity,http://vocab.getty.edu/aat/300386467,Northern Irish,northern irish,northern ireland,ulster irish protestants,,,,,,,,,,