RDF Type,uri,Official Label,alt label #0,alt label #1,alt label #2,alt label #3,alt label #4,alt label #5,alt label #6,alt label #7,alt label #8,alt label #9,alt label #10,alt label #11,alt label #12,,,,,,,,,,,,,,,,,
http://id.lincsproject.ca/identity/Ethnicity,http://id.lincsproject.ca/identity/african-AmericanEthnicity,African-American,African-American,Afro-américain,,,,,,,,,,,,,,,,,,,,,,,,,,,,
http://id.lincsproject.ca/identity/Ethnicity,http://id.lincsproject.ca/identity/africanEthnicity,African,black African descent,Africain,African,,,,,,,,,,,,,,,,,,,,,,,,,,,
http://id.lincsproject.ca/identity/Ethnicity,http://id.lincsproject.ca/identity/anglo-IrishEthnicity,Anglo-Irish,Anglo-Irish,Anglo-irlandais,,,,,,,,,,,,,,,,,,,,,,,,,,,,
http://id.lincsproject.ca/identity/Ethnicity,http://id.lincsproject.ca/identity/anglo-NormanEthnicity,Anglo-Norman,Anglo-Norman,Baronnage anglo-normand,,,,,,,,,,,,,,,,,,,,,,,,,,,,
http://id.lincsproject.ca/identity/Ethnicity,http://id.lincsproject.ca/identity/arabEthnicity,Arab,Arab,Arabe,,,,,,,,,,,,,,,,,,,,,,,,,,,,
http://id.lincsproject.ca/identity/Ethnicity,http://id.lincsproject.ca/identity/ashkenaziJewishEthnicity,Ashkenazi Jewish,Ashkenazim,Ashkenazim,or German Jewish,Ashkenazi Jewish,Juif ashkénaze,,,,,,,,,,,,,,,,,,,,,,,,,
http://id.lincsproject.ca/identity/Ethnicity,http://id.lincsproject.ca/identity/bengaliEthnicity,Bengali,Bengali,bengali,,,,,,,,,,,,,,,,,,,,,,,,,,,,
http://id.lincsproject.ca/identity/Ethnicity,http://id.lincsproject.ca/identity/blackEthnicity,black,black,noir,,,,,,,,,,,,,,,,,,,,,,,,,,,,
http://id.lincsproject.ca/identity/Ethnicity,http://id.lincsproject.ca/identity/celticEthnicity,Celtic,Highland (that is Celtic),Celte,Celtic,,,,,,,,,,,,,,,,,,,,,,,,,,,
http://id.lincsproject.ca/identity/Ethnicity,http://id.lincsproject.ca/identity/chineseEthnicity,Chinese,Chinese,Chinois,,,,,,,,,,,,,,,,,,,,,,,,,,,,
http://id.lincsproject.ca/identity/Ethnicity,http://id.lincsproject.ca/identity/creoleEthnicity,Creole,Creole,Créole,,,,,,,,,,,,,,,,,,,,,,,,,,,,
http://id.lincsproject.ca/identity/Ethnicity,http://id.lincsproject.ca/identity/englishEthnicity,English,England,Anglais,English,,,,,,,,,,,,,,,,,,,,,,,,,,,
http://id.lincsproject.ca/identity/Ethnicity,http://id.lincsproject.ca/identity/europeanEthnicity,European,European,Européen,,,,,,,,,,,,,,,,,,,,,,,,,,,,
http://id.lincsproject.ca/identity/Ethnicity,http://id.lincsproject.ca/identity/gaelEthnicity,Gael,Gael,Gael,,,,,,,,,,,,,,,,,,,,,,,,,,,,
http://id.lincsproject.ca/identity/Ethnicity,http://id.lincsproject.ca/identity/igboEthnicity,Igbo,Igbo,Igbo,,,,,,,,,,,,,,,,,,,,,,,,,,,,
http://id.lincsproject.ca/identity/Ethnicity,http://id.lincsproject.ca/identity/indigenousPeoplesOfAmericasEthnicity,Indigenous (of the Americas),Amer-Indians,Indigenous (of the Americas),Indigenous/Amérindiens,,,,,,,,,,,,,,,,,,,,,,,,,,,
http://id.lincsproject.ca/identity/Ethnicity,http://id.lincsproject.ca/identity/irishEthnicity,Irish,irish ancestry,Irish,Irlandais,,,,,,,,,,,,,,,,,,,,,,,,,,,
http://id.lincsproject.ca/identity/Ethnicity,http://id.lincsproject.ca/identity/jamaicanEthnicity,Jamaican,Jamaican-born,Jamaican,Jamaïcains,,,,,,,,,,,,,,,,,,,,,,,,,,,
http://id.lincsproject.ca/identity/Ethnicity,http://id.lincsproject.ca/identity/jewishEthnicity,Jewish,Jew,Jewry,Jews,Judaism,a Jewish,one-quarter Jewish,Jewish,Juif,,,,,,,,,,,,,,,,,,,,,,
http://id.lincsproject.ca/identity/Ethnicity,http://id.lincsproject.ca/identity/parsiEthnicity,Parsi,Parsi,Parsi,,,,,,,,,,,,,,,,,,,,,,,,,,,,
http://id.lincsproject.ca/identity/Ethnicity,http://id.lincsproject.ca/identity/punjabiEthnicity,Punjabi,Pendjabis,Punjabi,,,,,,,,,,,,,,,,,,,,,,,,,,,,
http://id.lincsproject.ca/identity/Ethnicity,http://id.lincsproject.ca/identity/romaniEthnicity,Romani,Roma,gipsy,gypsies,gypsy,Romani,rom,,,,,,,,,,,,,,,,,,,,,,,,
http://id.lincsproject.ca/identity/Ethnicity,http://id.lincsproject.ca/identity/scottishEthnicity,Scottish,highlands,highland,Scottish,Écossais,,,,,,,,,,,,,,,,,,,,,,,,,,
http://id.lincsproject.ca/identity/Ethnicity,http://id.lincsproject.ca/identity/sephardicJewishEthnicity,Sephardic Jewish,Juif séfarade,Sephardic Jewish,,,,,,,,,,,,,,,,,,,,,,,,,,,,
http://id.lincsproject.ca/identity/Ethnicity,http://id.lincsproject.ca/identity/slavEthnicity,Slav,Slavic,Slav,Slave,,,,,,,,,,,,,,,,,,,,,,,,,,,
http://id.lincsproject.ca/identity/Ethnicity,http://id.lincsproject.ca/identity/thracianEthnicity,Thracian,Thracians,Thracian,thrace,,,,,,,,,,,,,,,,,,,,,,,,,,,
http://id.lincsproject.ca/identity/Ethnicity,http://id.lincsproject.ca/identity/wendishEthnicity,Wendish,Wends or Sorbs,Wende,Wendish,,,,,,,,,,,,,,,,,,,,,,,,,,,
http://id.lincsproject.ca/identity/Ethnicity,http://id.lincsproject.ca/identity/westIndianEthnicity,West Indian,West Indian,,,,,,,,,,,,,,,,,,,,,,,,,,,,,
http://id.lincsproject.ca/identity/Ethnicity,http://id.lincsproject.ca/identity/whiteEthnicity,white,blanc,white,,,,,,,,,,,,,,,,,,,,,,,,,,,,
http://id.lincsproject.ca/identity/Gender,http://id.lincsproject.ca/identity/androgynous,androgynous,androgyne,androgynous,,,,,,,,,,,,,,,,,,,,,,,,,,,,
http://id.lincsproject.ca/identity/Gender,http://id.lincsproject.ca/identity/blackWomanRaceColour,blackwoman,blackwoman,femme noire,,,,,,,,,,,,,,,,,,,,,,,,,,,,
http://id.lincsproject.ca/identity/Gender,http://id.lincsproject.ca/identity/cisGender,cisgender,cisgender,cisgenre,,,,,,,,,,,,,,,,,,,,,,,,,,,,
http://id.lincsproject.ca/identity/Gender,http://id.lincsproject.ca/identity/cisMan,cis man/cis male,cis man/cis male,homme cisgenre,,,,,,,,,,,,,,,,,,,,,,,,,,,,
http://id.lincsproject.ca/identity/Gender,http://id.lincsproject.ca/identity/cisWoman,cis woman/cis female,cis woman/cis female,femme cisgenre,,,,,,,,,,,,,,,,,,,,,,,,,,,,
http://id.lincsproject.ca/identity/Gender,http://id.lincsproject.ca/identity/genderQueer,genderqueer,nonconforming,genderqueer,queer,,,,,,,,,,,,,,,,,,,,,,,,,,,
http://id.lincsproject.ca/identity/Gender,http://id.lincsproject.ca/identity/man,man,male,homme,man,,,,,,,,,,,,,,,,,,,,,,,,,,,
http://id.lincsproject.ca/identity/Gender,http://id.lincsproject.ca/identity/transGender,transgender,transgendered,trans,transgender,transgenre,,,,,,,,,,,,,,,,,,,,,,,,,,
http://id.lincsproject.ca/identity/Gender,http://id.lincsproject.ca/identity/transMan,trans man/trans male,transgendered female to male,homme trans,trans man/trans male,,,,,,,,,,,,,,,,,,,,,,,,,,,
http://id.lincsproject.ca/identity/Gender,http://id.lincsproject.ca/identity/transWoman,trans woman/trans female,transgendered male to female,femme trans,trans woman/trans female,,,,,,,,,,,,,,,,,,,,,,,,,,,
http://id.lincsproject.ca/identity/Gender,http://id.lincsproject.ca/identity/undefinedGender,undefined,genre indéterminé,undefined,,,,,,,,,,,,,,,,,,,,,,,,,,,,
http://id.lincsproject.ca/identity/Gender,http://id.lincsproject.ca/identity/woman,woman,female,femme,woman,,,,,,,,,,,,,,,,,,,,,,,,,,,
http://id.lincsproject.ca/identity/GeographicHeritage,http://id.lincsproject.ca/identity/englishGeographicHeritage,England,Angleterre,England,,,,,,,,,,,,,,,,,,,,,,,,,,,,
http://id.lincsproject.ca/identity/GeographicHeritage,http://id.lincsproject.ca/identity/jewishGeographicHeritage,Jewish,Jewish,Juif,,,,,,,,,,,,,,,,,,,,,,,,,,,,
http://id.lincsproject.ca/identity/GeographicHeritage,http://vocab.getty.edu/tgn/7000198,India,India,Indian,,,,,,,,,,,,,,,,,,,,,,,,,,,,
http://id.lincsproject.ca/identity/GeographicHeritage,http://vocab.getty.edu/tgn/7004550,West Indies,West Indian,,,,,,,,,,,,,,,,,,,,,,,,,,,,,
http://id.lincsproject.ca/identity/GeographicHeritage,http://vocab.getty.edu/tgn/7017283,Glaswegians,Glaswegians,,,,,,,,,,,,,,,,,,,,,,,,,,,,,
http://id.lincsproject.ca/identity/GeographicHeritage,http://vocab.getty.edu/tgn/7032932,East Africa,East Africa,,,,,,,,,,,,,,,,,,,,,,,,,,,,,
http://id.lincsproject.ca/identity/GeographicHeritage,https://sws.geonames.org/11609047,Lancastrian,Lancastrian,Lancashire,,,,,,,,,,,,,,,,,,,,,,,,,,,,
http://id.lincsproject.ca/identity/GeographicHeritage,https://sws.geonames.org/2186224,New Zealand,New Zealand,,,,,,,,,,,,,,,,,,,,,,,,,,,,,
http://id.lincsproject.ca/identity/GeographicHeritage,https://sws.geonames.org/2510769,Spanish,Spanish,spain,,,,,,,,,,,,,,,,,,,,,,,,,,,,
http://id.lincsproject.ca/identity/GeographicHeritage,https://sws.geonames.org/2634895,Wales,Wales,Welsh,,,,,,,,,,,,,,,,,,,,,,,,,,,,
http://id.lincsproject.ca/identity/GeographicHeritage,https://sws.geonames.org/2635167,British,British,,,,,,,,,,,,,,,,,,,,,,,,,,,,,
http://id.lincsproject.ca/identity/GeographicHeritage,https://sws.geonames.org/2638010,Shetland,Shetland,,,,,,,,,,,,,,,,,,,,,,,,,,,,,
http://id.lincsproject.ca/identity/GeographicHeritage,https://sws.geonames.org/2638360,Scotland,Scotland,Scottish,,,,,,,,,,,,,,,,,,,,,,,,,,,,
http://id.lincsproject.ca/identity/GeographicHeritage,https://sws.geonames.org/2641364,Northern Irish,Northern Irish,,,,,,,,,,,,,,,,,,,,,,,,,,,,,
http://id.lincsproject.ca/identity/GeographicHeritage,https://sws.geonames.org/2652355,Cornish,Cornish,Cornwall,,,,,,,,,,,,,,,,,,,,,,,,,,,,
http://id.lincsproject.ca/identity/GeographicHeritage,https://sws.geonames.org/2661886,Sweden,Sweden,Swedish,,,,,,,,,,,,,,,,,,,,,,,,,,,,
http://id.lincsproject.ca/identity/GeographicHeritage,https://sws.geonames.org/2750405,Dutch,Dutch,,,,,,,,,,,,,,,,,,,,,,,,,,,,,
http://id.lincsproject.ca/identity/GeographicHeritage,https://sws.geonames.org/2782113,Austria,Austria,,,,,,,,,,,,,,,,,,,,,,,,,,,,,
http://id.lincsproject.ca/identity/GeographicHeritage,https://sws.geonames.org/2921044,Germany,Germany,German,,,,,,,,,,,,,,,,,,,,,,,,,,,,
http://id.lincsproject.ca/identity/GeographicHeritage,https://sws.geonames.org/2963597,Ireland,Ireland,Irish,,,,,,,,,,,,,,,,,,,,,,,,,,,,
http://id.lincsproject.ca/identity/GeographicHeritage,https://sws.geonames.org/3017382,France,France,French,,,,,,,,,,,,,,,,,,,,,,,,,,,,
http://id.lincsproject.ca/identity/GeographicHeritage,https://sws.geonames.org/3077311,Czech Republic,Czech Republic,,,,,,,,,,,,,,,,,,,,,,,,,,,,,
http://id.lincsproject.ca/identity/GeographicHeritage,https://sws.geonames.org/3164603,Venice,Venice,Venetian,,,,,,,,,,,,,,,,,,,,,,,,,,,,
http://id.lincsproject.ca/identity/GeographicHeritage,https://sws.geonames.org/3489940,Jamaica,Jamaica,,,,,,,,,,,,,,,,,,,,,,,,,,,,,
http://id.lincsproject.ca/identity/GeographicHeritage,https://sws.geonames.org/357994,Egypt,Egypt,Egyptian,,,,,,,,,,,,,,,,,,,,,,,,,,,,
http://id.lincsproject.ca/identity/GeographicHeritage,https://sws.geonames.org/4662168,Tennessee,Tennessee,,,,,,,,,,,,,,,,,,,,,,,,,,,,,
http://id.lincsproject.ca/identity/GeographicHeritage,https://sws.geonames.org/4736286,Texas,Texas,Texan,,,,,,,,,,,,,,,,,,,,,,,,,,,,
http://id.lincsproject.ca/identity/GeographicHeritage,https://sws.geonames.org/5128581,New Yorker,New Yorker,,,,,,,,,,,,,,,,,,,,,,,,,,,,,
http://id.lincsproject.ca/identity/GeographicHeritage,https://sws.geonames.org/6252001,America,America,,,,,,,,,,,,,,,,,,,,,,,,,,,,,
http://id.lincsproject.ca/identity/GeographicHeritage,https://sws.geonames.org/6252001,Usa,USA,American,,,,,,,,,,,,,,,,,,,,,,,,,,,,
http://id.lincsproject.ca/identity/GeographicHeritage,https://sws.geonames.org/6255146,Africa,Africa,,,,,,,,,,,,,,,,,,,,,,,,,,,,,
http://id.lincsproject.ca/identity/GeographicHeritage,https://sws.geonames.org/6255148,European,European,,,,,,,,,,,,,,,,,,,,,,,,,,,,,
http://id.lincsproject.ca/identity/GeographicHeritage,https://sws.geonames.org/6269131,England,England,English,north of England,northern English,London,Londoner,northern england,,,,,,,,,,,,,,,,,,,,,,,
http://id.lincsproject.ca/identity/GeographicHeritage,https://sws.geonames.org/6951102,Italy,Italy,Italian,,,,,,,,,,,,,,,,,,,,,,,,,,,,
http://id.lincsproject.ca/identity/GeographicHeritage,https://sws.geonames.org/7729891,Caribbean,Caribbean,,,,,,,,,,,,,,,,,,,,,,,,,,,,,
http://id.lincsproject.ca/identity/GeographicHeritage,https://sws.geonames.org/8502102,New England,New England,New Englander,,,,,,,,,,,,,,,,,,,,,,,,,,,,
http://id.lincsproject.ca/identity/GeographicHeritage,https://sws.geonames.org/8581589,Yorkshire,Yorkshirewoman,,,,,,,,,,,,,,,,,,,,,,,,,,,,,
http://id.lincsproject.ca/identity/GeographicHeritage,https://sws.geonames.org/953987,South Africa,South Africa,,,,,,,,,,,,,,,,,,,,,,,,,,,,,
http://id.lincsproject.ca/identity/Language,http://id.loc.gov/vocabulary/languages/ara,Arabic,arabic,,,,,,,,,,,,,,,,,,,,,,,,,,,,,
http://id.lincsproject.ca/identity/Language,http://id.loc.gov/vocabulary/languages/ben,Bengali,bengali,,,,,,,,,,,,,,,,,,,,,,,,,,,,,
http://id.lincsproject.ca/identity/Language,http://id.loc.gov/vocabulary/languages/bul,Bulgarian,bulgarian,,,,,,,,,,,,,,,,,,,,,,,,,,,,,
http://id.lincsproject.ca/identity/Language,http://id.loc.gov/vocabulary/languages/chi,Chinese,chinese,cantonese,mandarin,,,,,,,,,,
http://id.lincsproject.ca/identity/Language,http://id.loc.gov/vocabulary/languages/cze,Czech,czech,,,,,,,,,,,,,,,,,,,,,,,,,,,,,
http://id.lincsproject.ca/identity/Language,http://id.loc.gov/vocabulary/languages/eng,English,english,,,,,,,,,,,,,,,,,,,,,,,,,,,,,
http://id.lincsproject.ca/identity/Language,http://id.loc.gov/vocabulary/languages/fre,French,french,,,,,,,,,,,,,,,,,,,,,,,,,,,,,
http://id.lincsproject.ca/identity/Language,http://id.loc.gov/vocabulary/languages/ger,German,german,,,,,,,,,,,,,,,,,,,,,,,,,,,,,
http://id.lincsproject.ca/identity/Language,http://id.loc.gov/vocabulary/languages/gla,Gaelic,gaelic,,,,,,,,,,,,,,,,,,,,,,,,,,,,,
http://id.lincsproject.ca/identity/Language,http://id.loc.gov/vocabulary/languages/gle,Irish,irish,,,,,,,,,,,,,,,,,,,,,,,,,,,,,
http://id.lincsproject.ca/identity/Language,http://id.loc.gov/vocabulary/languages/guj,Gujarati,gujarati,guzerati,,,,,,,,,,,,,,,,,,,,,,,,,,,,
http://id.lincsproject.ca/identity/Language,http://id.loc.gov/vocabulary/languages/heb,Hebrew,hebrew,,,,,,,,,,,,,,,,,,,,,,,,,,,,,
http://id.lincsproject.ca/identity/Language,http://id.loc.gov/vocabulary/languages/hin,Hindi,hindi,,,,,,,,,,,,,,,,,,,,,,,,,,,,,
http://id.lincsproject.ca/identity/Language,http://id.loc.gov/vocabulary/languages/ita,Italian,italian,,,,,,,,,,,,,,,,,,,,,,,,,,,,,
http://id.lincsproject.ca/identity/Language,http://id.loc.gov/vocabulary/languages/jpn,Japanese,Japanese,,,,,,,,,,,,,,,,,,,,,,,,,,,,,
http://id.lincsproject.ca/identity/Language,http://id.loc.gov/vocabulary/languages/kan,Kanarese,kanarese,,,,,,,,,,,,,,,,,,,,,,,,,,,,,
http://id.lincsproject.ca/identity/Language,http://id.loc.gov/vocabulary/languages/lat,Latin,latin,,,,,,,,,,,,,,,,,,,,,,,,,,,,,
http://id.lincsproject.ca/identity/Language,http://id.loc.gov/vocabulary/languages/mar,Marathi,marathi,,,,,,,,,,,,,,,,,,,,,,,,,,,,,
http://id.lincsproject.ca/identity/Language,http://id.loc.gov/vocabulary/languages/may,Malay,malay,,,,,,,,,,,,,,,,,,,,,,,,,,,,,
http://id.lincsproject.ca/identity/Language,http://id.loc.gov/vocabulary/languages/per,Persian,persian,,,,,,,,,,,,,,,,,,,,,,,,,,,,,
http://id.lincsproject.ca/identity/Language,http://id.loc.gov/vocabulary/languages/pli,Pali,pali,,,,,,,,,,,,,,,,,,,,,,,,,,,,,
http://id.lincsproject.ca/identity/Language,http://id.loc.gov/vocabulary/languages/pol,Polish,Polish,,,,,,,,,,,,,,,,,,,,,,,,,,,,,
http://id.lincsproject.ca/identity/Language,http://id.loc.gov/vocabulary/languages/rus,Russian,russian,,,,,,,,,,,,,,,,,,,,,,,,,,,,,
http://id.lincsproject.ca/identity/Language,http://id.loc.gov/vocabulary/languages/san,Sanskrit,sanskrit,,,,,,,,,,,,,,,,,,,,,,,,,,,,,
http://id.lincsproject.ca/identity/Language,http://id.loc.gov/vocabulary/languages/spa,Spanish,spanish,,,,,,,,,,,,,,,,,,,,,,,,,,,,,
http://id.lincsproject.ca/identity/Language,http://id.loc.gov/vocabulary/languages/tha,Thai,thai,,,,,,,,,,,,,,,,,,,,,,,,,,,,,
http://id.lincsproject.ca/identity/Language,http://id.loc.gov/vocabulary/languages/ukr,Ukrainian,Ukrainian,,,,,,,,,,,,,,,,,,,,,,,,,,,,,
http://id.lincsproject.ca/identity/Language,http://id.loc.gov/vocabulary/languages/urdu,Hindustani,hindustani,Urdu,,,,,,,,,,,,,,,,,,,,,,,,,,,,
http://id.lincsproject.ca/identity/Language,http://id.loc.gov/vocabulary/languages/wel,Welsh,welsh,,,,,,,,,,,,,,,,,,,,,,,,,,,,,
http://id.lincsproject.ca/identity/NationalHeritage,http://id.lincsproject.ca/identity/africanNationalHeritage,African,Africain,African,,,,,,,,,,,,,,,,,,,,,,,,,,,,
http://id.lincsproject.ca/identity/NationalHeritage,http://id.lincsproject.ca/identity/anglo-IrishNationalHeritage,Anglo-Irish,Anglo-Irish,Anglo-irlandais,,,,,,,,,,,,,,,,,,,,,,,,,,,,
http://id.lincsproject.ca/identity/NationalHeritage,http://id.lincsproject.ca/identity/bengaliNationalHeritage,bengali,Bengale,bengali,,,,,,,,,,,,,,,,,,,,,,,,,,,,
http://id.lincsproject.ca/identity/NationalHeritage,http://id.lincsproject.ca/identity/camisards,Camisards,French Prophets,Camisard,Camisards,,,,,,,,,,,,,,,,,,,,,,,,,,,
http://id.lincsproject.ca/identity/NationalHeritage,http://id.lincsproject.ca/identity/cornishNationalHeritage,Cornish,Corniques,Cornish,,,,,,,,,,,,,,,,,,,,,,,,,,,,
http://id.lincsproject.ca/identity/NationalHeritage,http://id.lincsproject.ca/identity/dutchNationalHeritage,Dutch,Dutch,Néerlandais,,,,,,,,,,,,,,,,,,,,,,,,,,,,
http://id.lincsproject.ca/identity/NationalHeritage,http://id.lincsproject.ca/identity/europeanNationalHeritage,European,European,Européen,,,,,,,,,,,,,,,,,,,,,,,,,,,,
http://id.lincsproject.ca/identity/NationalHeritage,http://id.lincsproject.ca/identity/flemishNationalHeritage,Flemish,Flandre,Flemish,,,,,,,,,,,,,,,,,,,,,,,,,,,,
http://id.lincsproject.ca/identity/NationalHeritage,http://id.lincsproject.ca/identity/huguenotNationalHeritage,Huguenot,Huguenot,Huguenot,,,,,,,,,,,,,,,,,,,,,,,,,,,,
http://id.lincsproject.ca/identity/NationalHeritage,http://id.lincsproject.ca/identity/iroquoisNationalHeritage,Iroquois,Iroquois,Iroquois,,,,,,,,,,,,,,,,,,,,,,,,,,,,
http://id.lincsproject.ca/identity/NationalHeritage,http://id.lincsproject.ca/identity/jewishNationalHeritage,Jewish,Jewish,Juif,,,,,,,,,,,,,,,,,,,,,,,,,,,,
http://id.lincsproject.ca/identity/NationalHeritage,http://id.lincsproject.ca/identity/mohawkNationalHeritage,Mohawk,Mohawk,Mohawks,,,,,,,,,,,,,,,,,,,,,,,,,,,,
http://id.lincsproject.ca/identity/NationalHeritage,http://id.lincsproject.ca/identity/normanNationalHeritage,Norman,Norman,Normand,,,,,,,,,,,,,,,,,,,,,,,,,,,,
http://id.lincsproject.ca/identity/NationalHeritage,http://id.lincsproject.ca/identity/tatarNationalHeritage,Tatar,Tatar,Tatars,,,,,,,,,,,,,,,,,,,,,,,,,,,,
http://id.lincsproject.ca/identity/NationalHeritage,http://id.lincsproject.ca/identity/westIndianNationalHeritage,West Indian,West Indian,,,,,,,,,,,,,,,,,,,,,,,,,,,,,
http://id.lincsproject.ca/identity/NationalHeritage,http://vocab.getty.edu/aat/300015776,Nigerian,nigerian,,,,,,,,,,,,,,,,,,,,,,,,,,,,,
http://id.lincsproject.ca/identity/NationalHeritage,http://vocab.getty.edu/aat/300018863,Indian (South Asian),indian,,,,,,,,,,,,,,,,,,,,,,,,,,,,,
http://id.lincsproject.ca/identity/NationalHeritage,http://vocab.getty.edu/aat/300021959,New Zealand,new zealander,new zealand,,,,,,,,,,,,,,,,,,,,,,,,,,,,
http://id.lincsproject.ca/identity/NationalHeritage,http://vocab.getty.edu/aat/300107948,Cuban,cuban,,,,,,,,,,,,,,,,,,,,,,,,,,,,,
http://id.lincsproject.ca/identity/NationalHeritage,http://vocab.getty.edu/aat/300107950,Jamaican,jamaican,jamaica,,,,,,,,,,,,,,,,,,,,,,,,,,,,
http://id.lincsproject.ca/identity/NationalHeritage,http://vocab.getty.edu/aat/300107956,American (North American),american,america,usa,us,united states,,,,,,,,,,,,,,,,,,,,,,,,,
http://id.lincsproject.ca/identity/NationalHeritage,http://vocab.getty.edu/aat/300107962,Canadian,canadian,,,,,,,,,,,,,,,,,,,,,,,,,,,,,
http://id.lincsproject.ca/identity/NationalHeritage,http://vocab.getty.edu/aat/300107967,Brazilian,Brazilian,,,,,,,,,,,,,,,,,,,,,,,,,,,,,
http://id.lincsproject.ca/identity/NationalHeritage,http://vocab.getty.edu/aat/300107971,Peruvian,peruvian,,,,,,,,,,,,,,,,,,,,,,,,,,,,,
http://id.lincsproject.ca/identity/NationalHeritage,http://vocab.getty.edu/aat/300111153,Austrian,austrian,,,,,,,,,,,,,,,,,,,,,,,,,,,,,
http://id.lincsproject.ca/identity/NationalHeritage,http://vocab.getty.edu/aat/300111156,Belgian (modern),Belgian,,,,,,,,,,,,,,,,,,,,,,,,,,,,,
http://id.lincsproject.ca/identity/NationalHeritage,http://vocab.getty.edu/aat/300111159,British (modern),british,,,,,,,,,,,,,,,,,,,,,,,,,,,,,
http://id.lincsproject.ca/identity/NationalHeritage,http://vocab.getty.edu/aat/300111163,Bulgarian (culture or style),bulgarian,,,,,,,,,,,,,,,,,,,,,,,,,,,,,
http://id.lincsproject.ca/identity/NationalHeritage,http://vocab.getty.edu/aat/300111172,Danish (culture or style),danish,denmark,,,,,,,,,,,,,,,,,,,,,,,,,,,,
http://id.lincsproject.ca/identity/NationalHeritage,http://vocab.getty.edu/aat/300111175,Dutch (culture or style),netherlands,the netherlands,dutch,,,,,,,,,,,,,,,,,,,,,,,,,,,
http://id.lincsproject.ca/identity/NationalHeritage,http://vocab.getty.edu/aat/300111178,English (culture or style),english,englishwoman,england,english born,english father,half english,northern english,anglo,,,,,,,,,,,,,,,,,,,,,,
http://id.lincsproject.ca/identity/NationalHeritage,http://vocab.getty.edu/aat/300111188,French (culture or style),french,french extraction,french mother,half french,,,,,,,,,,,,,,,,,,,,,,,,,,
http://id.lincsproject.ca/identity/NationalHeritage,http://vocab.getty.edu/aat/300111192,"German (culture, style, period)",german,germany,,,,,,,,,,,,,,,,,,,,,,,,,,,,
http://id.lincsproject.ca/identity/NationalHeritage,http://vocab.getty.edu/aat/300111195,Hungarian,hungarian,,,,,,,,,,,,,,,,,,,,,,,,,,,,,
http://id.lincsproject.ca/identity/NationalHeritage,http://vocab.getty.edu/aat/300111198,Italian (culture or style),italian,italy,,,,,,,,,,,,,,,,,,,,,,,,,,,,
http://id.lincsproject.ca/identity/NationalHeritage,http://vocab.getty.edu/aat/300111204,Polish (culture),polish,pollish,,,,,,,,,,,,,,,,,,,,,,,,,,,,
http://id.lincsproject.ca/identity/NationalHeritage,http://vocab.getty.edu/aat/300111207,Portuguese (culture or style),portuguese,portugal,,,,,,,,,,,,,,,,,,,,,,,,,,,,
http://id.lincsproject.ca/identity/NationalHeritage,http://vocab.getty.edu/aat/300111210,Romanian (culture or style),romania,,,,,,,,,,,,,,,,,,,,,,,,,,,,,
http://id.lincsproject.ca/identity/NationalHeritage,http://vocab.getty.edu/aat/300111212,Scottish,scottish,scots,scotswoman,scotland,half scots,scotch,shetland,scot,,,,,,,,,,,,,,,,,,,,,,
http://id.lincsproject.ca/identity/NationalHeritage,http://vocab.getty.edu/aat/300111215,Spanish (culture or style),spanish,spain,,,,,,,,,,,,,,,,,,,,,,,,,,,,
http://id.lincsproject.ca/identity/NationalHeritage,http://vocab.getty.edu/aat/300111218,Swedish (culture or style),swedish,,,,,,,,,,,,,,,,,,,,,,,,,,,,,
http://id.lincsproject.ca/identity/NationalHeritage,http://vocab.getty.edu/aat/300111221,Swiss,swiss,,,,,,,,,,,,,,,,,,,,,,,,,,,,,
http://id.lincsproject.ca/identity/NationalHeritage,http://vocab.getty.edu/aat/300111225,Welsh (culture or style),welsh,welsh extraction,Welsh lineage (ancient descent though little money on both sides of her family).,Walsh,welshwoman,,,,,,,,,,,,,,,,,,,,,,,,,
http://id.lincsproject.ca/identity/NationalHeritage,http://vocab.getty.edu/aat/300111259,Irish,irish,irishwoman,half irish,ireland,irishness,,,,,,,,,,,,,,,,,,,,,,,,,
http://id.lincsproject.ca/identity/NationalHeritage,http://vocab.getty.edu/aat/300111276,Russian (culture or style),russian,,,,,,,,,,,,,,,,,,,,,,,,,,,,,
http://id.lincsproject.ca/identity/NationalHeritage,http://vocab.getty.edu/aat/300193868,Turkish (culture or style),turkish,,,,,,,,,,,,,,,,,,,,,,,,,,,,,
http://id.lincsproject.ca/identity/NationalHeritage,http://vocab.getty.edu/aat/300262651,Ghanaian,ghanaian,,,,,,,,,,,,,,,,,,,,,,,,,,,,,
http://id.lincsproject.ca/identity/NationalHeritage,http://vocab.getty.edu/aat/300266840,Pakistani,Pakistani,,,,,,,,,,,,,,,,,,,,,,,,,,,,,
http://id.lincsproject.ca/identity/NationalHeritage,http://vocab.getty.edu/aat/300379451,Lithuanian (culture or style),lithuanian,lithuania,,,,,,,,,,,,,,,,,,,,,,,,,,,,
http://id.lincsproject.ca/identity/NationalHeritage,http://vocab.getty.edu/aat/300380343,Ukrainian (culture or style),ukrainian,,,,,,,,,,,,,,,,,,,,,,,,,,,,,
http://id.lincsproject.ca/identity/NationalHeritage,http://vocab.getty.edu/aat/300386017,Corsican (culture or style),corsican,,,,,,,,,,,,,,,,,,,,,,,,,,,,,
http://id.lincsproject.ca/identity/NationalHeritage,http://vocab.getty.edu/aat/300386387,Latvian (culture or style),latvian,,,,,,,,,,,,,,,,,,,,,,,,,,,,,
http://id.lincsproject.ca/identity/NationalHeritage,http://vocab.getty.edu/aat/300386467,Northern Irish,northern irish,northern ireland,ulster irish protestants,,,,,,,,,,,,,,,,,,,,,,,,,,,
http://id.lincsproject.ca/identity/NationalHeritage,http://vocab.getty.edu/aat/300386576,Viennese,viennese,,,,,,,,,,,,,,,,,,,,,,,,,,,,,
http://id.lincsproject.ca/identity/NationalIdentity,http://id.lincsproject.ca/identity/africanNationalIdentity,African,Africain,African,,,,,,,,,,,,,,,,,,,,,,,,,,,,
http://id.lincsproject.ca/identity/NationalIdentity,http://id.lincsproject.ca/identity/anglo-IndianNationalIdentity,Anglo-Indian,Anglo-Indian,Anglo-Indienne,,,,,,,,,,,,,,,,,,,,,,,,,,,,
http://id.lincsproject.ca/identity/NationalIdentity,http://id.lincsproject.ca/identity/anglo-IrishNationalIdentity,Anglo-Irish,Anglo-Irish,Anglo-Irlandaise,,,,,,,,,,,,,,,,,,,,,,,,,,,,
http://id.lincsproject.ca/identity/NationalIdentity,http://id.lincsproject.ca/identity/britishNationalIdentity,British,British,Brittaniques,,,,,,,,,,,,,,,,,,,,,,,,,,,,
http://id.lincsproject.ca/identity/NationalIdentity,http://id.lincsproject.ca/identity/europeanNationalIdentity,European,European,,,,,,,,,,,,,,,,,,,,,,,,,,,,,
http://id.lincsproject.ca/identity/NationalIdentity,http://id.lincsproject.ca/identity/florentineNationalIdentity,Florentine,Florentin,Florentine,,,,,,,,,,,,,,,,,,,,,,,,,,,,
http://id.lincsproject.ca/identity/NationalIdentity,http://id.lincsproject.ca/identity/hanoverianNationalIdentity,Hanoverian,Hanoverian,Hanovrien,,,,,,,,,,,,,,,,,,,,,,,,,,,,
http://id.lincsproject.ca/identity/NationalIdentity,http://id.lincsproject.ca/identity/jewishNationalIdentity,Jewish,Jewish,Juif,,,,,,,,,,,,,,,,,,,,,,,,,,,,
http://id.lincsproject.ca/identity/NationalIdentity,http://id.lincsproject.ca/identity/mohawkNationalIdentity,Mohawk,Mohawk,mohawk,,,,,,,,,,,,,,,,,,,,,,,,,,,,
http://id.lincsproject.ca/identity/NationalIdentity,http://id.lincsproject.ca/identity/saxonNationalIdentity,Saxon,Saxon,Saxon,,,,,,,,,,,,,,,,,,,,,,,,,,,,
http://id.lincsproject.ca/identity/NationalIdentity,http://id.lincsproject.ca/identity/sephardicJewishNationalIdentity,Sephardic Jewish,Sephardic Jewish,Séfarade,,,,,,,,,,,,,,,,,,,,,,,,,,,,
http://id.lincsproject.ca/identity/NationalIdentity,http://id.lincsproject.ca/identity/statelessNationalIdentity,stateless,apatride,stateless,,,,,,,,,,,,,,,,,,,,,,,,,,,,
http://id.lincsproject.ca/identity/NationalIdentity,http://vocab.getty.edu/aat/300015776,Nigerian,nigerian,,,,,,,,,,,,,,,,,,,,,,,,,,,,,
http://id.lincsproject.ca/identity/NationalIdentity,http://vocab.getty.edu/aat/300018322,Chinese (culture or style),chinese,,,,,,,,,,,,,,,,,,,,,,,,,,,,,
http://id.lincsproject.ca/identity/NationalIdentity,http://vocab.getty.edu/aat/300018863,Indian (South Asian),indian,,,,,,,,,,,,,,,,,,,,,,,,,,,,,
http://id.lincsproject.ca/identity/NationalIdentity,http://vocab.getty.edu/aat/300021861,Australian,australian,australia,,,,,,,,,,,,,,,,,,,,,,,,,,,,
http://id.lincsproject.ca/identity/NationalIdentity,http://vocab.getty.edu/aat/300021959,New Zealand,new zealander,,,,,,,,,,,,,,,,,,,,,,,,,,,,,
http://id.lincsproject.ca/identity/NationalIdentity,http://vocab.getty.edu/aat/300107950,Jamaican,jamaican,,,,,,,,,,,,,,,,,,,,,,,,,,,,,
http://id.lincsproject.ca/identity/NationalIdentity,http://vocab.getty.edu/aat/300107956,American (North American),american,america,usa,us,united states,,,,,,,,,,,,,,,,,,,,,,,,,
http://id.lincsproject.ca/identity/NationalIdentity,http://vocab.getty.edu/aat/300107962,Canadian,canadian,,,,,,,,,,,,,,,,,,,,,,,,,,,,,
http://id.lincsproject.ca/identity/NationalIdentity,http://vocab.getty.edu/aat/300107963,Mexican,Mexico,Mexican,,,,,,,,,,,,,,,,,,,,,,,,,,,,
http://id.lincsproject.ca/identity/NationalIdentity,http://vocab.getty.edu/aat/300111159,British (modern),british,,,,,,,,,,,,,,,,,,,,,,,,,,,,,
http://id.lincsproject.ca/identity/NationalIdentity,http://vocab.getty.edu/aat/300111172,Danish (culture or style),danish,denmark,,,,,,,,,,,,,,,,,,,,,,,,,,,,
http://id.lincsproject.ca/identity/NationalIdentity,http://vocab.getty.edu/aat/300111178,English (culture or style),english,englishwoman,england,english born,english father,half english,northern english,anglo,,,,,,,,,,,,,,,,,,,,,,
http://id.lincsproject.ca/identity/NationalIdentity,http://vocab.getty.edu/aat/300111188,French (culture or style),french,french extraction,french mother,half french,,,,,,,,,,,,,,,,,,,,,,,,,,
http://id.lincsproject.ca/identity/NationalIdentity,http://vocab.getty.edu/aat/300111192,"German (culture, style, period)",german,,,,,,,,,,,,,,,,,,,,,,,,,,,,,
http://id.lincsproject.ca/identity/NationalIdentity,http://vocab.getty.edu/aat/300111195,Hungarian,hungarian,,,,,,,,,,,,,,,,,,,,,,,,,,,,,
http://id.lincsproject.ca/identity/NationalIdentity,http://vocab.getty.edu/aat/300111198,Italian (culture or style),italian,italy,,,,,,,,,,,,,,,,,,,,,,,,,,,,
http://id.lincsproject.ca/identity/NationalIdentity,http://vocab.getty.edu/aat/300111212,Scottish,scottish,scots,scotswoman,scotland,half scots,scotch,shetland,scot,,,,,,,,,,,,,,,,,,,,,,
http://id.lincsproject.ca/identity/NationalIdentity,http://vocab.getty.edu/aat/300111215,Spanish (culture or style),spanish,spain,,,,,,,,,,,,,,,,,,,,,,,,,,,,
http://id.lincsproject.ca/identity/NationalIdentity,http://vocab.getty.edu/aat/300111225,Welsh (culture or style),welsh,welsh extraction,Welsh lineage (ancient descent though little money on both sides of her family).,Walsh,welshwoman,,,,,,,,,,,,,,,,,,,,,,,,,
http://id.lincsproject.ca/identity/NationalIdentity,http://vocab.getty.edu/aat/300111259,Irish,irish,irishwoman,half irish,ireland,irishness,,,,,,,,,,,,,,,,,,,,,,,,,
http://id.lincsproject.ca/identity/NationalIdentity,http://vocab.getty.edu/aat/300111276,Russian (culture or style),russian,,,,,,,,,,,,,,,,,,,,,,,,,,,,,
http://id.lincsproject.ca/identity/NationalIdentity,http://vocab.getty.edu/aat/300262654,Kenyan,kenyan,,,,,,,,,,,,,,,,,,,,,,,,,,,,,
http://id.lincsproject.ca/identity/NationalIdentity,http://vocab.getty.edu/aat/300262699,Algerian,algerian,,,,,,,,,,,,,,,,,,,,,,,,,,,,,
http://id.lincsproject.ca/identity/NationalIdentity,http://vocab.getty.edu/aat/300262706,South African,south african,,,,,,,,,,,,,,,,,,,,,,,,,,,,,
http://id.lincsproject.ca/identity/NationalIdentity,http://vocab.getty.edu/aat/300266840,Pakistani,Pakistani,,,,,,,,,,,,,,,,,,,,,,,,,,,,,
http://id.lincsproject.ca/identity/NationalIdentity,http://vocab.getty.edu/aat/300386124,Genoese,genoese,,,,,,,,,,,,,,,,,,,,,,,,,,,,,
http://id.lincsproject.ca/identity/NationalIdentity,http://vocab.getty.edu/aat/300386129,Guyanese,guyanan,,,,,,,,,,,,,,,,,,,,,,,,,,,,,
http://id.lincsproject.ca/identity/NationalIdentity,http://vocab.getty.edu/aat/300386467,Northern Irish,northern irish,northern ireland,ulster irish protestants,,,,,,,,,,,,,,,,,,,,,,,,,,,
http://id.lincsproject.ca/identity/PoliticalAffiliation,http://id.lincsproject.ca/identity/abolitionism,abolitionism,abolition,abolitionist,anti-slavery,integrationism,sugar boycotter,Abolitionnisme,abolitionism,,,,,,,,,,,,,,,,,,,,,,,
http://id.lincsproject.ca/identity/PoliticalAffiliation,http://id.lincsproject.ca/identity/ActivistInvolvement,activist involvement,activist involvement,,,,,,,,,,,,,,,,,,,,,,,,,,,,,
http://id.lincsproject.ca/identity/PoliticalAffiliation,http://id.lincsproject.ca/identity/aidsActivism,AIDS activism,aids activist,AIDS activism,lutte contre le sida,,,,,,,,,,,,,,,,,,,,,,,,,,,
http://id.lincsproject.ca/identity/PoliticalAffiliation,http://id.lincsproject.ca/identity/americanNationalism,American nationalism,(us) nationalist,american nationalist,us nationalist,us patriotism,American nationalism,nationalisme américain,,,,,,,,,,,,,,,,,,,,,,,,
http://id.lincsproject.ca/identity/PoliticalAffiliation,http://id.lincsproject.ca/identity/anarchism,anarchism,anarchist,Anarchisme,anarchism,,,,,,,,,,,,,,,,,,,,,,,,,,,
http://id.lincsproject.ca/identity/PoliticalAffiliation,http://id.lincsproject.ca/identity/animalWelfareAdvocacy,animal welfare advocacy,animal activist,animal rights,animal rights activist,animal rights advocate,animal welfare,animal welfare activist,anti-blood-sports,anti-cruelty,anti-cruelty to animals,anti-hunting,animal welfare advocacy,défense du bien-être animal,,,,,,,,,,,,,,,,,,
http://id.lincsproject.ca/identity/PoliticalAffiliation,http://id.lincsproject.ca/identity/anti-American,anti-American politics,anti-American,anti-American politics,anti-américanisme,,,,,,,,,,,,,,,,,,,,,,,,,,,
http://id.lincsproject.ca/identity/PoliticalAffiliation,http://id.lincsproject.ca/identity/anti-Antisemitism,anti-antisemitism,anti-anti-semitism,anti-antisemitic,anti-antisemitist,anti-antisemitism,anti-antisémitisme,,,,,,,,,,,,,,,,,,,,,,,,,
http://id.lincsproject.ca/identity/PoliticalAffiliation,http://id.lincsproject.ca/identity/anti-Apartheid,anti-apartheid,the struggle to end Apartheid,anti-apartheid,anti-apartheid,,,,,,,,,,,,,,,,,,,,,,,,,,,
http://id.lincsproject.ca/identity/PoliticalAffiliation,http://id.lincsproject.ca/identity/anti-Boer,anti-Boer politics,anti-Boer,anti-Boer politics,anti-boer,,,,,,,,,,,,,,,,,,,,,,,,,,,
http://id.lincsproject.ca/identity/PoliticalAffiliation,http://id.lincsproject.ca/identity/anti-Bolshevism,anti-Bolshevism,anti-bolshevik,Anticommunisme,anti-Bolshevism,,,,,,,,,,,,,,,,,,,,,,,,,,,
http://id.lincsproject.ca/identity/PoliticalAffiliation,http://id.lincsproject.ca/identity/anti-Bonapartism,anti-Bonapartism,anti-bonapartist,anti-Bonapartism,anti-bonapartisme,,,,,,,,,,,,,,,,,,,,,,,,,,,
http://id.lincsproject.ca/identity/PoliticalAffiliation,http://id.lincsproject.ca/identity/anti-British,anti-British politics,anti-British,anglophobie,anti-British politics,,,,,,,,,,,,,,,,,,,,,,,,,,,
http://id.lincsproject.ca/identity/PoliticalAffiliation,http://id.lincsproject.ca/identity/anti-Capitalism,anti-capitalism,anti-capitalist,anti-property,Anticapitalisme,anti-capitalism,,,,,,,,,,,,,,,,,,,,,,,,,,
http://id.lincsproject.ca/identity/PoliticalAffiliation,http://id.lincsproject.ca/identity/anti-CapitalPunishment,anti-capital punishment,against capital punishment,anti-capital-punishment,opponent of capital punishment,opposition to capital punishment,Peine de mort,anti-capital punishment,,,,,,,,,,,,,,,,,,,,,,,,
http://id.lincsproject.ca/identity/PoliticalAffiliation,http://id.lincsproject.ca/identity/anti-Caste,anti-caste movement,worked against the caste system,anti-caste movement,mouvement contre le système de castes,,,,,,,,,,,,,,,,,,,,,,,,,,,
http://id.lincsproject.ca/identity/PoliticalAffiliation,http://id.lincsproject.ca/identity/anti-Catholicism,anti-catholicism,anti-catholic,anti-catholic-emancipation,Anticatholicisme,anti-catholicism,,,,,,,,,,,,,,,,,,,,,,,,,,
http://id.lincsproject.ca/identity/PoliticalAffiliation,http://id.lincsproject.ca/identity/anti-Censorship,anti-censorship movement,Freedom of Speech,anti-censorship,free speech advocate,intellectual property activist,pro free speech,pro-free speech,anti-censorship movement,lutte contre la censure,,,,,,,,,,,,,,,,,,,,,,
http://id.lincsproject.ca/identity/PoliticalAffiliation,http://id.lincsproject.ca/identity/anti-Communism,anti-communism,anti-communist,Anticommunisme,anti-communism,,,,,,,,,,,,,,,,,,,,,,,,,,,
http://id.lincsproject.ca/identity/PoliticalAffiliation,http://id.lincsproject.ca/identity/anti-Conscriptionism,anti-conscriptionism,anti-conscriptionist,anti-conscriptionism,lutte contre la conscription militaire,,,,,,,,,,,,,,,,,,,,,,,,,,,
http://id.lincsproject.ca/identity/PoliticalAffiliation,http://id.lincsproject.ca/identity/anti-ContagiousDiseasesAct,anti-Contagious Diseases Act,against the Contagious Diseases Acts,anti-contagious diseases act activist,anti-contagious diseases acts,anti-Contagious Diseases Act,anti-Contagious Diseases Acte,,,,,,,,,,,,,,,,,,,,,,,,,
http://id.lincsproject.ca/identity/PoliticalAffiliation,http://id.lincsproject.ca/identity/anti-CorporalPunishment,anti-corporal punishment,anti-corporal punishment,lutte contre les châtiments corporels,,,,,,,,,,,,,,,,,,,,,,,,,,,,
http://id.lincsproject.ca/identity/PoliticalAffiliation,http://id.lincsproject.ca/identity/anti-Dreyfusard,anti-Dreyfusard,anti-Dreyfusard,antidreyfusard,,,,,,,,,,,,,,,,,,,,,,,,,,,,
http://id.lincsproject.ca/identity/PoliticalAffiliation,http://id.lincsproject.ca/identity/anti-European,anti-European politics,anti-European,Euroscepticisme,anti-European politics,,,,,,,,,,,,,,,,,,,,,,,,,,,
http://id.lincsproject.ca/identity/PoliticalAffiliation,http://id.lincsproject.ca/identity/anti-Fascism,anti-fascism,anti-fascist,anti-nazi,strongly opposed Fascism,Antifascisme,anti-fascism,,,,,,,,,,,,,,,,,,,,,,,,,
http://id.lincsproject.ca/identity/PoliticalAffiliation,http://id.lincsproject.ca/identity/anti-Federalism,Anti-Federalism,anti-federalist,Anti-Federalism,Antifédéralisme,,,,,,,,,,,,,,,,,,,,,,,,,,,
http://id.lincsproject.ca/identity/PoliticalAffiliation,http://id.lincsproject.ca/identity/anti-Feminism,anti-feminism,anti-feminist,anti-women's liberation,antifeminist,gender conservative,misogynist,non-feminist,Antiféminisme,anti-feminism,,,,,,,,,,,,,,,,,,,,,,
http://id.lincsproject.ca/identity/PoliticalAffiliation,http://id.lincsproject.ca/identity/anti-Globalism,anti-globalism,anti-globalist,anti-globalization,Mouvement antimondialisation,anti-globalism,,,,,,,,,,,,,,,,,,,,,,,,,,
http://id.lincsproject.ca/identity/PoliticalAffiliation,http://id.lincsproject.ca/identity/anti-Imperialism,Anti-imperialism,Zulu resistance to colonial rule,anti-colonial,anti-colonialism,anti-colonialist,anti-imperial,anti-imperialist,Anti-imperialism,Anti-impérialisme,,,,,,,,,,,,,,,,,,,,,,
http://id.lincsproject.ca/identity/PoliticalAffiliation,http://id.lincsproject.ca/identity/anti-Jacobin,anti-Jacobin,anti-revolutionary,anti-Jacobin,anti-Jacobin,,,,,,,,,,,,,,,,,,,,,,,,,,,
http://id.lincsproject.ca/identity/PoliticalAffiliation,http://id.lincsproject.ca/identity/anti-Jacobite,anti-Jacobite,anti-Jacobite,anti-Jacobite,,,,,,,,,,,,,,,,,,,,,,,,,,,,
http://id.lincsproject.ca/identity/PoliticalAffiliation,http://id.lincsproject.ca/identity/anti-LandLeague,Anti-Irish National Land League,Unionist (Irish),anti-Irish Home Rule,anti-Land League,Anti-Irish National Land League,Anti-Irish National Land League,,,,,,,,,,,,,,,,,,,,,,,,,
http://id.lincsproject.ca/identity/PoliticalAffiliation,http://id.lincsproject.ca/identity/anti-masonry,anti-masonry,anti-masonic,anti-masonry,antimaçonnisme,,,,,,,,,,,,,,,,,,,,,,,,,,,
http://id.lincsproject.ca/identity/PoliticalAffiliation,http://id.lincsproject.ca/identity/anti-Monarchism,anti-monarchism,anti-monarchist,anti-royalist,anti-monarchism,antimonarchisme,,,,,,,,,,,,,,,,,,,,,,,,,,
http://id.lincsproject.ca/identity/PoliticalAffiliation,http://id.lincsproject.ca/identity/anti-NuclearMovement,anti-nuclear movement,Campaign for Nuclear Disarmament,anti-atomic,anti-nuclear,anti-nuclear activist,anti-nuclear war,anti-nuclear weapons,nuclear disarmament,nuclear disarmament campaigner,pro nuclear disarmament,anti-nuclear movement,mouvement antinucléaire,,,,,,,,,,,,,,,,,,,
http://id.lincsproject.ca/identity/PoliticalAffiliation,http://id.lincsproject.ca/identity/anti-Pacifism,anti-pacifism,anti-appeasement,conscriptionist,non-pacifist,war supporter,anti-pacifism,antipacifisme,,,,,,,,,,,,,,,,,,,,,,,,
http://id.lincsproject.ca/identity/PoliticalAffiliation,http://id.lincsproject.ca/identity/anti-PovertyMovement,anti-poverty movement,anti-poverty activist,poverty activist,anti-poverty movement,mouvement de lutte contre la pauvreté,,,,,,,,,,,,,,,,,,,,,,,,,,
http://id.lincsproject.ca/identity/PoliticalAffiliation,http://id.lincsproject.ca/identity/anti-Racism,anti-racism,anti-racist,anti-racism,antiracisme,,,,,,,,,,,,,,,,,,,,,,,,,,,
http://id.lincsproject.ca/identity/PoliticalAffiliation,http://id.lincsproject.ca/identity/anti-Socialism,anti-socialism,anti-socialist,Critiques du socialisme,anti-socialism,,,,,,,,,,,,,,,,,,,,,,,,,,,
http://id.lincsproject.ca/identity/PoliticalAffiliation,http://id.lincsproject.ca/identity/anti-Suffrage,anti-suffrage,anti-sufffragist,anti-suffrage movement,anti-suffragist,anti-suffragist movement,non-suffragist,anti-suffrage,opposition au suffrage universel,,,,,,,,,,,,,,,,,,,,,,,
http://id.lincsproject.ca/identity/PoliticalAffiliation,http://id.lincsproject.ca/identity/anti-Trade-Unionism,anti-trade-unionism,anti-Union,anti-trade-unionist,anti-trade-unionism,opposition au syndicalisme,,,,,,,,,,,,,,,,,,,,,,,,,,
http://id.lincsproject.ca/identity/PoliticalAffiliation,http://id.lincsproject.ca/identity/anti-Urbanism,anti-urbanism,pro-countryside,anti-urbanism,antiurbain,,,,,,,,,,,,,,,,,,,,,,,,,,,
http://id.lincsproject.ca/identity/PoliticalAffiliation,http://id.lincsproject.ca/identity/anti-Vaccination,anti-vaccination movement,movement against compulsory vaccination,anti-vaccination movement,mouvement contre la vaccination,,,,,,,,,,,,,,,,,,,,,,,,,,,
http://id.lincsproject.ca/identity/PoliticalAffiliation,http://id.lincsproject.ca/identity/anti-Vivisection,anti-vivisection,anti-vivisection movement,anti-vivisectionist,anti-vivisection,antivivisection,,,,,,,,,,,,,,,,,,,,,,,,,,
http://id.lincsproject.ca/identity/PoliticalAffiliation,http://id.lincsproject.ca/identity/anti-War,anti-war movement,anti Vietnam war,anti-Vietnam-War demonstrations,anti-militarism,anti-militaristic,anti-war,anti-war activism,vietnam war protester,Antiguerre,anti-war movement,,,,,,,,,,,,,,,,,,,,,
http://id.lincsproject.ca/identity/PoliticalAffiliation,http://id.lincsproject.ca/identity/anti-Zionism,anti-Zionism,anti-Israeli,anti-israel,anti-zionist,Antisionisme,anti-Zionism,,,,,,,,,,,,,,,,,,,,,,,,,
http://id.lincsproject.ca/identity/PoliticalAffiliation,http://id.lincsproject.ca/identity/antiClericalism,anti-clericalism,anti-clericalism,anticléricalisme,,,,,,,,,,,,,,,,,,,,,,,,,,,,
http://id.lincsproject.ca/identity/PoliticalAffiliation,http://id.lincsproject.ca/identity/antidisestablishmentarianism,antidisestablishmentarianism,antidisestablishmentarian,antidisestablishmentarianism,opposition à l'Establismhment,,,,,,,,,,,,,,,,,,,,,,,,,,,
http://id.lincsproject.ca/identity/PoliticalAffiliation,http://id.lincsproject.ca/identity/antisemitism,antisemitism,anti-semitism,antisemitic,Antisémitisme,antisemitism,,,,,,,,,,,,,,,,,,,,,,,,,,
http://id.lincsproject.ca/identity/PoliticalAffiliation,http://id.lincsproject.ca/identity/appeasement,appeasement,appeasement,politique d'apaisement,,,,,,,,,,,,,,,,,,,,,,,,,,,,
http://id.lincsproject.ca/identity/PoliticalAffiliation,http://id.lincsproject.ca/identity/artsAdvocacy,arts advocacy,advocate for the arts,artists' advocate,arts advocacy,défense des arts,,,,,,,,,,,,,,,,,,,,,,,,,,
http://id.lincsproject.ca/identity/PoliticalAffiliation,http://id.lincsproject.ca/identity/birthControlActivism,birth control activism,birth control campaigner,birth control movement,birth-control activist,contraceptionist,pro-birth control,pro-contraception,supporter of contraception,birth control activism,défense du contrôle des naissances,,,,,,,,,,,,,,,,,,,,,
http://id.lincsproject.ca/identity/PoliticalAffiliation,http://id.lincsproject.ca/identity/blackAnti-Oppression,black anti-oppression movement,anti-segregationist,black activist,black liberation,black liberationist,black power,black pride,black anti-oppression movement,mouvement contre l'oppression des Noirs,,,,,,,,,,,,,,,,,,,,,,
http://id.lincsproject.ca/identity/PoliticalAffiliation,http://id.lincsproject.ca/identity/blackNationalism,Black nationalism,Black nationalism,nationalisme Noir,,,,,,,,,,,,,,,,,,,,,,,,,,,,
http://id.lincsproject.ca/identity/PoliticalAffiliation,http://id.lincsproject.ca/identity/bolshevism,Bolshevism,Bolshevist,pro-bolshevik,Bolcheviks,Bolshevism,,,,,,,,,,,,,,,,,,,,,,,,,,
http://id.lincsproject.ca/identity/PoliticalAffiliation,http://id.lincsproject.ca/identity/bonapartism,Bonapartism,pro-bonapartist,Bonapartism,Bonapartisme,,,,,,,,,,,,,,,,,,,,,,,,,,,
http://id.lincsproject.ca/identity/PoliticalAffiliation,http://id.lincsproject.ca/identity/boulangism,boulangism,boulangist,Boulangisme,boulangism,,,,,,,,,,,,,,,,,,,,,,,,,,,
http://id.lincsproject.ca/identity/PoliticalAffiliation,http://id.lincsproject.ca/identity/britishNationalism,British nationalism,british nationalist,pro-British,British nationalism,nationalisme anglais,,,,,,,,,,,,,,,,,,,,,,,,,,
http://id.lincsproject.ca/identity/PoliticalAffiliation,http://id.lincsproject.ca/identity/capitalism,capitalism,capitalist,free market capitalism,capitalism,capitalisme,,,,,,,,,,,,,,,,,,,,,,,,,,
http://id.lincsproject.ca/identity/PoliticalAffiliation,http://id.lincsproject.ca/identity/catholicEmancipation,Catholic emancipation,Catholic emancipation,émancipation des catholiques,,,,,,,,,,,,,,,,,,,,,,,,,,,,
http://id.lincsproject.ca/identity/PoliticalAffiliation,http://id.lincsproject.ca/identity/chartism,Chartism,chartist,Chartism,,,,,,,,,,,,,,,,,,,,,,,,,,,,
http://id.lincsproject.ca/identity/PoliticalAffiliation,http://id.lincsproject.ca/identity/childrensWelfare,children's welfare,campaigner against child prostitution,children's rights,children's rights activist,children's rights advocate,children's welfare,défense des droits des enfants,,,,,,,,,,,,,,,,,,,,,,,,
http://id.lincsproject.ca/identity/PoliticalAffiliation,http://id.lincsproject.ca/identity/christianPacifism,Christian pacifism,christian pacifist,Christian pacifism,Pacifisme chrétien,,,,,,,,,,,,,,,,,,,,,,,,,,,
http://id.lincsproject.ca/identity/PoliticalAffiliation,http://id.lincsproject.ca/identity/christianSocialism,Christian socialism,christian socialist,Christian socialism,socialisme chrétien,,,,,,,,,,,,,,,,,,,,,,,,,,,
http://id.lincsproject.ca/identity/PoliticalAffiliation,http://id.lincsproject.ca/identity/civilLibertarianism,civil libertarianism,civil libertarian,civil libertarianism,mouvement libertaire,,,,,,,,,,,,,,,,,,,,,,,,,,,
http://id.lincsproject.ca/identity/PoliticalAffiliation,http://id.lincsproject.ca/identity/civilRights,civil rights movement,civil rights,civil rights activist,personal rights advocate,pro civil rights,civil rights movement,droits civiques,,,,,,,,,,,,,,,,,,,,,,,,
http://id.lincsproject.ca/identity/PoliticalAffiliation,http://id.lincsproject.ca/identity/co-operativeMovement,co-operative movement,Women's Co-operative Guild,co-operative movement,mouvement pour l'économie sociale,,,,,,,,,,,,,,,,,,,,,,,,,,,
http://id.lincsproject.ca/identity/PoliticalAffiliation,http://id.lincsproject.ca/identity/communalism,communalism,communalist,communalism,municipalisme libertaire,,,,,,,,,,,,,,,,,,,,,,,,,,,
http://id.lincsproject.ca/identity/PoliticalAffiliation,http://id.lincsproject.ca/identity/communism,communism,Communist Party,christian communist,communist,communism,communisme,,,,,,,,,,,,,,,,,,,,,,,,,
http://id.lincsproject.ca/identity/PoliticalAffiliation,http://id.lincsproject.ca/identity/conscientiousObjection,conscientious objection,conscientious objection,objection de conscience,conscientious objector,,,,,,,,,,,,,,,,,,,,,,,,,,,
http://id.lincsproject.ca/identity/PoliticalAffiliation,http://id.lincsproject.ca/identity/conservatism,conservatism,conservative,conservatism,conservatisme,,,,,,,,,,,,,,,,,,,,,,,,,,,
http://id.lincsproject.ca/identity/PoliticalAffiliation,http://id.lincsproject.ca/identity/conservativeFeminism,conservative feminism,conservative feminism,féminisme conservateur,,,,,,,,,,,,,,,,,,,,,,,,,,,,
http://id.lincsproject.ca/identity/PoliticalAffiliation,http://id.lincsproject.ca/identity/conservativePartyUk,Conservative Party (UK),Tory Party,Tory Party (Britain),Tory radical,conservative party,disaffected Tories,tory,Conservative Party (UK),Parti Conservateur (Royaume-Uni),,,,,,,,,,,,,,,,,,,,,,
http://id.lincsproject.ca/identity/PoliticalAffiliation,http://id.lincsproject.ca/identity/constitutionalism,constitutionalism,constitutional feminist,constitutionalist,Constitutionnalisme,constitutionalism,,,,,,,,,,,,,,,,,,,,,,,,,,
http://id.lincsproject.ca/identity/PoliticalAffiliation,http://id.lincsproject.ca/identity/covenanters,Covenanters,Covenanting,Covenantaire,Covenanters,,,,,,,,,,,,,,,,,,,,,,,,,,,
http://id.lincsproject.ca/identity/PoliticalAffiliation,http://id.lincsproject.ca/identity/democrat,democrat,Democrat (US),democratic,pro-democracy,democrat,,,,,,,,,,,,,,,,,,,,,,,,,,
http://id.lincsproject.ca/identity/PoliticalAffiliation,http://id.lincsproject.ca/identity/disestablishmentarianism,disestablishmentarianism,anti-anglican,anti-episcopal,anti-episcopalian,anti-tithes,disestablishmentarianism,sécularisme anglais,,,,,,,,,,,,,,,,,,,,,,,,
http://id.lincsproject.ca/identity/PoliticalAffiliation,http://id.lincsproject.ca/identity/dissentProtestant,Dissent (Protestant),Dissenter,Dissenting Churches,Dissenting Presbyterian,Nonconformist,Rational Dissent,Dissent (Protestant),dissidents (ou non-conformistes),,,,,,,,,,,,,,,,,,,,,,,
http://id.lincsproject.ca/identity/PoliticalAffiliation,http://id.lincsproject.ca/identity/dressReform,dress reform,Rational Dress Movement,dress reformer,dress reform,réforme vestimentaire,,,,,,,,,,,,,,,,,,,,,,,,,,
http://id.lincsproject.ca/identity/PoliticalAffiliation,http://id.lincsproject.ca/identity/dreyfusard,Dreyfusard,Dreyfusard,Dreyfusard,,,,,,,,,,,,,,,,,,,,,,,,,,,,
http://id.lincsproject.ca/identity/PoliticalAffiliation,http://id.lincsproject.ca/identity/educationReform,education reform,education reformer,educational reform,educational reformer,educationalist,state education movement,education reform,réforme de l'éducation,,,,,,,,,,,,,,,,,,,,,,,
http://id.lincsproject.ca/identity/PoliticalAffiliation,http://id.lincsproject.ca/identity/egalitarianism,egalitarianism,egalitarian,egalitarianism,Égalitarisme,,,,,,,,,,,,,,,,,,,,,,,,,,,
http://id.lincsproject.ca/identity/PoliticalAffiliation,http://id.lincsproject.ca/identity/egyptianNationalism,Egyptian nationalism,Egyptian nationalism,nationalisme égyptien,,,,,,,,,,,,,,,,,,,,,,,,,,,,
http://id.lincsproject.ca/identity/PoliticalAffiliation,http://id.lincsproject.ca/identity/elderRights,elder rights,elder care activist,droit des personnes âgées,elder rights,,,,,,,,,,,,,,,,,,,,,,,,,,,
http://id.lincsproject.ca/identity/PoliticalAffiliation,http://id.lincsproject.ca/identity/environmentalism,environmentalism,environmental causes,climate activist,ecologist,environmentalist,green,nature conservationist,environmentalism,Écologisme,,,,,,,,,,,,,,,,,,,,,,
http://id.lincsproject.ca/identity/PoliticalAffiliation,http://id.lincsproject.ca/identity/eugenics,eugenics,eugenicist,Eugénisme,eugenics,,,,,,,,,,,,,,,,,,,,,,,,,,,
http://id.lincsproject.ca/identity/PoliticalAffiliation,http://id.lincsproject.ca/identity/existentialism,existentialism,existentialist,Existentialisme,existentialism,,,,,,,,,,,,,,,,,,,,,,,,,,,
http://id.lincsproject.ca/identity/PoliticalAffiliation,http://id.lincsproject.ca/identity/fascism,fascism,fascist,fascist party,pro-fascist,Fascisme,fascism,,,,,,,,,,,,,,,,,,,,,,,,,
http://id.lincsproject.ca/identity/PoliticalAffiliation,http://id.lincsproject.ca/identity/feminism,feminism,advocate for women's education,worked devotedly for the society for promoting the employment of women,worked to establish pay equity,Equality Feminism,New Woman,Women's Liberation,activist for women and children,advocate of female education,anti-sexist,contraceptionist,feminist,feminist activism,feminist movement,feminist reformer,gender egalitarian,lobby for the rights of women,maternal feminist,moderate feminist,non-separatist feminist,political issues concerning women,proto-feminist,proto-feminist consciousness,sexual egalitarian,women's cause,women's issues,women's movement,women's rights,women's rights activist,Féminisme,feminism
http://id.lincsproject.ca/identity/PoliticalAffiliation,http://id.lincsproject.ca/identity/feministAnti-ViolenceActivism,feminist anti-violence activism,against violence to women,anti-female-genital-mutilation,feminist anti-violence activism,féminisme contre la violence,,,,,,,,,,,,,,,,,,,,,,,,,,
http://id.lincsproject.ca/identity/PoliticalAffiliation,http://id.lincsproject.ca/identity/feministInternationalism,feminist internationalism,feminist internationalism,féminisme internationaliste,,,,,,,,,,,,,,,,,,,,,,,,,,,,
http://id.lincsproject.ca/identity/PoliticalAffiliation,http://id.lincsproject.ca/identity/feministPacifism,feminist pacifism,feminist pacifism,féminisme pacifiste,,,,,,,,,,,,,,,,,,,,,,,,,,,,
http://id.lincsproject.ca/identity/PoliticalAffiliation,http://id.lincsproject.ca/identity/freeTradeMovement,free trade movement,free trader,free trade movement,mouvement pour le libre-échange,,,,,,,,,,,,,,,,,,,,,,,,,,,
http://id.lincsproject.ca/identity/PoliticalAffiliation,http://id.lincsproject.ca/identity/frenchNationalism,French nationalism,French nationalism,Nationalisme en France,,,,,,,,,,,,,,,,,,,,,,,,,,,,
http://id.lincsproject.ca/identity/PoliticalAffiliation,http://id.lincsproject.ca/identity/gayRights,gay rights movement,gay rights advocate,pro-sexual preference,Mouvement LGBT,gay rights movement,,,,,,,,,,,,,,,,,,,,,,,,,,
http://id.lincsproject.ca/identity/PoliticalAffiliation,http://id.lincsproject.ca/identity/GenderedPoliticalActivity,gendered political activity,gendered political activity,,,,,,,,,,,,,,,,,,,,,,,,,,,,,
http://id.lincsproject.ca/identity/PoliticalAffiliation,http://id.lincsproject.ca/identity/germanNationalism,German nationalism,pro-German,German nationalism,nationalisme allemand,,,,,,,,,,,,,,,,,,,,,,,,,,,
http://id.lincsproject.ca/identity/PoliticalAffiliation,http://id.lincsproject.ca/identity/girondin,Girondin,Gironde (Révolution française),Girondin,,,,,,,,,,,,,,,,,,,,,,,,,,,,
http://id.lincsproject.ca/identity/PoliticalAffiliation,http://id.lincsproject.ca/identity/greekNationalist,Greek nationalism,Greek nationalism,nationliste grec,,,,,,,,,,,,,,,,,,,,,,,,,,,,
http://id.lincsproject.ca/identity/PoliticalAffiliation,http://id.lincsproject.ca/identity/guelphPartyFlorence,Guelph party (Florence),Guelph,Guelfes et gibelins,Guelph party (Florence),,,,,,,,,,,,,,,,,,,,,,,,,,,
http://id.lincsproject.ca/identity/PoliticalAffiliation,http://id.lincsproject.ca/identity/hanoverian,Hanoverian,House of Hanover,Hanoverian,Maison de Hanovre,,,,,,,,,,,,,,,,,,,,,,,,,,,
http://id.lincsproject.ca/identity/PoliticalAffiliation,http://id.lincsproject.ca/identity/highChurchParty,High Church Party,High-Church party,Haute Église,High Church Party,,,,,,,,,,,,,,,,,,,,,,,,,,,
http://id.lincsproject.ca/identity/PoliticalAffiliation,http://id.lincsproject.ca/identity/highToryism,High Toryism,High Tory,High Toryism,,,,,,,,,,,,,,,,,,,,,,,,,,,,
http://id.lincsproject.ca/identity/PoliticalAffiliation,http://id.lincsproject.ca/identity/homeRule,Home rule,Home Rule movement,Home Rule,Home rule,,,,,,,,,,,,,,,,,,,,,,,,,,,
http://id.lincsproject.ca/identity/PoliticalAffiliation,http://id.lincsproject.ca/identity/housingMovement,housing movement,housing activism,housing charity,housing movement,mouvement pour le droit au logement,,,,,,,,,,,,,,,,,,,,,,,,,,
http://id.lincsproject.ca/identity/PoliticalAffiliation,http://id.lincsproject.ca/identity/humanism,humanism,humanist,Humanisme,humanism,,,,,,,,,,,,,,,,,,,,,,,,,,,
http://id.lincsproject.ca/identity/PoliticalAffiliation,http://id.lincsproject.ca/identity/humanRights,human rights,human rights activist,humanitarian,droits de l'homme,human rights,,,,,,,,,,,,,,,,,,,,,,,,,,
http://id.lincsproject.ca/identity/PoliticalAffiliation,http://id.lincsproject.ca/identity/imperialism,imperialism,colonialist,commonwealth supporter,imperialist,Impérialisme,imperialism,,,,,,,,,,,,,,,,,,,,,,,,,
http://id.lincsproject.ca/identity/PoliticalAffiliation,http://id.lincsproject.ca/identity/indianIndependence,Indian independence movement,Indian independence,Indian self-government,indian nationalist,pro-independence (indian),Indian independence movement,Mouvement pour l'indépendance de l'Inde,,,,,,,,,,,,,,,,,,,,,,,,
http://id.lincsproject.ca/identity/PoliticalAffiliation,http://id.lincsproject.ca/identity/indianUnification,Indian unification,Indian national unity,Indian unification,,,,,,,,,,,,,,,,,,,,,,,,,,,,
http://id.lincsproject.ca/identity/PoliticalAffiliation,http://id.lincsproject.ca/identity/indigenousRights,Indigenous rights movement,indigenous rights,Indigenous rights movement,droit des peuples autochtones,,,,,,,,,,,,,,,,,,,,,,,,,,,
http://id.lincsproject.ca/identity/PoliticalAffiliation,http://id.lincsproject.ca/identity/individualism,individualism,individualist,Individualisme,individualism,,,,,,,,,,,,,,,,,,,,,,,,,,,
http://id.lincsproject.ca/identity/PoliticalAffiliation,http://id.lincsproject.ca/identity/internationalism,internationalism,internationalist,Internationalisme institutionnel,internationalism,,,,,,,,,,,,,,,,,,,,,,,,,,,
http://id.lincsproject.ca/identity/PoliticalAffiliation,http://id.lincsproject.ca/identity/irishHomeRuleMovement,Irish Home Rule Movement,home ruler,home ruler (ireland),irish home ruler,Irish Home Rule Movement,mouvement Irish Home Rule,,,,,,,,,,,,,,,,,,,,,,,,,
http://id.lincsproject.ca/identity/PoliticalAffiliation,http://id.lincsproject.ca/identity/irishNationalism,Irish nationalism,cultural nationalist,irish nationalist,irish patriotism,parnellite,Irish nationalism,Nationalisme irlandais,,,,,,,,,,,,,,,,,,,,,,,,
http://id.lincsproject.ca/identity/PoliticalAffiliation,http://id.lincsproject.ca/identity/irishRepublicanism,Irish republicanism,Sinn Fein,anti-unionist,irish independence,irish republic,irish republican,irish republicanism,irish resistance,liberty for Ireland,Irish republicanism,Républicanisme irlandais,,,,,,,,,,,,,,,,,,,,
http://id.lincsproject.ca/identity/PoliticalAffiliation,http://id.lincsproject.ca/identity/irishUnionism,Irish unionism,anti-home rule,anti-home ruler,anti-irish,anti-irish nationalist,unionist,Irish unionism,Unionisme en Irlande,,,,,,,,,,,,,,,,,,,,,,,
http://id.lincsproject.ca/identity/PoliticalAffiliation,http://id.lincsproject.ca/identity/isolationism,isolationism,isolationism,isolationnisme,,,,,,,,,,,,,,,,,,,,,,,,,,,,
http://id.lincsproject.ca/identity/PoliticalAffiliation,http://id.lincsproject.ca/identity/italianNationalism,Italian nationalism,Italian nationalist movement,italian nationalist,italian risorgimento,mazzinian,Italian nationalism,nationalisme Italien,,,,,,,,,,,,,,,,,,,,,,,,
http://id.lincsproject.ca/identity/PoliticalAffiliation,http://id.lincsproject.ca/identity/italianUnification,Italian unification,Italian unification,Risorgimento,,,,,,,,,,,,,,,,,,,,,,,,,,,,
http://id.lincsproject.ca/identity/PoliticalAffiliation,http://id.lincsproject.ca/identity/jacobinism,Jacobinism,jacobin,pro-Jacobin,Jacobinism,Jacobinisme,,,,,,,,,,,,,,,,,,,,,,,,,,
http://id.lincsproject.ca/identity/PoliticalAffiliation,http://id.lincsproject.ca/identity/jacobitism,Jacobitism,jacobite,jacobite conspirator,jacobites,Jacobitism,Jacobitisme,,,,,,,,,,,,,,,,,,,,,,,,,
http://id.lincsproject.ca/identity/PoliticalAffiliation,http://id.lincsproject.ca/identity/jewishEmancipation,Jewish emancipation,Jewish emancipation,Émancipation des Juifs,,,,,,,,,,,,,,,,,,,,,,,,,,,,
http://id.lincsproject.ca/identity/PoliticalAffiliation,http://id.lincsproject.ca/identity/labourMovement,labour movement,Independent Labour Party,International Labour Party,Labour Party activist,Labour party,anti-sweated labour,factory reformer,industrial reformer,labour,labour activism,labour activist,labour advocate,labour feminist,labour organizer,women's labour activist,Mouvement ouvrier,labour movement,,,,,,,,,,,,,,
http://id.lincsproject.ca/identity/PoliticalAffiliation,http://id.lincsproject.ca/identity/landReform,land reform,Irish land nationalization,land reform,,,,,,,,,,,,,,,,,,,,,,,,,,,,
http://id.lincsproject.ca/identity/PoliticalAffiliation,http://id.lincsproject.ca/identity/left-Wing,left-wing,anti-conservative,leftist,Gauche (politique),left-wing,,,,,,,,,,,,,,,,,,,,,,,,,,
http://id.lincsproject.ca/identity/PoliticalAffiliation,http://id.lincsproject.ca/identity/lesbianFeminism,lesbian feminism,lesbian feminist,lesbian feminism,,,,,,,,,,,,,,,,,,,,,,,,,,,,
http://id.lincsproject.ca/identity/PoliticalAffiliation,http://id.lincsproject.ca/identity/liberalism,liberalism,British Liberalism,Liberal Party,liberal,radical liberal,ultra liberals,Libéralisme,liberalism,,,,,,,,,,,,,,,,,,,,,,,
http://id.lincsproject.ca/identity/PoliticalAffiliation,http://id.lincsproject.ca/identity/liberalUnionistParty,Liberal Unionist Party,liberal unionist,Liberal Unionist Party,Parti libéral unioniste,,,,,,,,,,,,,,,,,,,,,,,,,,,
http://id.lincsproject.ca/identity/PoliticalAffiliation,http://id.lincsproject.ca/identity/libertarianism,Libertarianism,libertarian,religious libertarian,Libertarianism,Libertarianisme,,,,,,,,,,,,,,,,,,,,,,,,,,
http://id.lincsproject.ca/identity/PoliticalAffiliation,http://id.lincsproject.ca/identity/malthusianism,Malthusianism,neo-Malthusianism,Malthusianism,Malthusianisme,,,,,,,,,,,,,,,,,,,,,,,,,,,
http://id.lincsproject.ca/identity/PoliticalAffiliation,http://id.lincsproject.ca/identity/maoism,Maoism,chinese communism,Maoism,Maoïsme,,,,,,,,,,,,,,,,,,,,,,,,,,,
http://id.lincsproject.ca/identity/PoliticalAffiliation,http://id.lincsproject.ca/identity/marriageLawReform,marriage law reform,married women's control of their own property,custody rights,divorce reform activist,divorce reformer,marriage law reformer,marriage reformer,married women's property supporter,maternal wage activist,pro-divorce,marriage law reform,réforme du mariage,,,,,,,,,,,,,,,,,,,
http://id.lincsproject.ca/identity/PoliticalAffiliation,http://id.lincsproject.ca/identity/marxism,Marxism,marxist,Marxism,Marxisme,,,,,,,,,,,,,,,,,,,,,,,,,,,
http://id.lincsproject.ca/identity/PoliticalAffiliation,http://id.lincsproject.ca/identity/militarism,militarism,militarist,militarism,militarisme,,,,,,,,,,,,,,,,,,,,,,,,,,,
http://id.lincsproject.ca/identity/PoliticalAffiliation,http://id.lincsproject.ca/identity/monarchism,monarchism,active royalists,loyalty to the Crown,royalist politician,constitutional monarchist,monarchist,royalist,Monarchisme,monarchism,,,,,,,,,,,,,,,,,,,,,,
http://id.lincsproject.ca/identity/PoliticalAffiliation,http://id.lincsproject.ca/identity/multiculturalism,multiculturalism,multiculturalist,Multiculturalisme,multiculturalism,,,,,,,,,,,,,,,,,,,,,,,,,,,
http://id.lincsproject.ca/identity/PoliticalAffiliation,http://id.lincsproject.ca/identity/multiracialism,multiracialism,multi-racialist,multiracialism,multiracialisme,,,,,,,,,,,,,,,,,,,,,,,,,,,
http://id.lincsproject.ca/identity/PoliticalAffiliation,http://id.lincsproject.ca/identity/nationalism,nationalism,Nationalisme,nationalism,,,,,,,,,,,,,,,,,,,,,,,,,,,,
http://id.lincsproject.ca/identity/PoliticalAffiliation,http://id.lincsproject.ca/identity/nazism,Nazism,nazi,pro-nazi,Nazism,Nazisme,,,,,,,,,,,,,,,,,,,,,,,,,,
http://id.lincsproject.ca/identity/PoliticalAffiliation,http://id.lincsproject.ca/identity/neo-Conservatism,neo-conservatism,neo-Conservative,Néo-conservatisme,neo-conservatism,,,,,,,,,,,,,,,,,,,,,,,,,,,
http://id.lincsproject.ca/identity/PoliticalAffiliation,http://id.lincsproject.ca/identity/newDealer,new dealer,défenseur du New Deal,new dealer,,,,,,,,,,,,,,,,,,,,,,,,,,,,
http://id.lincsproject.ca/identity/PoliticalAffiliation,http://id.lincsproject.ca/identity/newUnionism,New Unionism,New Trade Unionism,New Unionism,,,,,,,,,,,,,,,,,,,,,,,,,,,,
http://id.lincsproject.ca/identity/PoliticalAffiliation,http://id.lincsproject.ca/identity/nihilism,nihilism,nihilist,Nihilisme,nihilism,,,,,,,,,,,,,,,,,,,,,,,,,,,
http://id.lincsproject.ca/identity/PoliticalAffiliation,http://id.lincsproject.ca/identity/nonjurorsMovement,nonjurors movement,Non-jurors,nonjurors,mouvement du clergé réfractaire,nonjurors movement,,,,,,,,,,,,,,,,,,,,,,,,,,
http://id.lincsproject.ca/identity/PoliticalAffiliation,http://id.lincsproject.ca/identity/oppositionPolitics,opposition politics,Opposition,opposition (politique),opposition politics,,,,,,,,,,,,,,,,,,,,,,,,,,,
http://id.lincsproject.ca/identity/PoliticalAffiliation,http://id.lincsproject.ca/identity/pacifism,pacifism,pacifist,pacifist supporter,peace campaigner,peace movement,socialist pacifist,Pacifisme,pacifism,,,,,,,,,,,,,,,,,,,,,,,
http://id.lincsproject.ca/identity/PoliticalAffiliation,http://id.lincsproject.ca/identity/parliamentarianism,parliamentarianism,parliamentarian,pro-parliamentarian,parlementarisme,parliamentarianism,,,,,,,,,,,,,,,,,,,,,,,,,,
http://id.lincsproject.ca/identity/PoliticalAffiliation,http://id.lincsproject.ca/identity/parliamentaryReform,parliamentary reform,parliamentary reformer,pro-reform,parliamentary reform,réforme parlementaire,,,,,,,,,,,,,,,,,,,,,,,,,,
http://id.lincsproject.ca/identity/PoliticalAffiliation,http://id.lincsproject.ca/identity/paternalism,paternalism,paternalist,paternalism,paternalisme,,,,,,,,,,,,,,,,,,,,,,,,,,,
http://id.lincsproject.ca/identity/PoliticalAffiliation,http://id.lincsproject.ca/identity/patriotism,patriotism,patriot,patriotic,Patriotisme,patriotism,,,,,,,,,,,,,,,,,,,,,,,,,,
http://id.lincsproject.ca/identity/PoliticalAffiliation,http://id.lincsproject.ca/identity/philosophicalRadicals,Philosophical Radicals,Philosophic Radicals,Philosophical Radicals,,,,,,,,,,,,,,,,,,,,,,,,,,,,
http://id.lincsproject.ca/identity/PoliticalAffiliation,http://id.lincsproject.ca/identity/polishNationalism,Polish nationalism,polish nationalist,Polish nationalism,nationalisme polonais,,,,,,,,,,,,,,,,,,,,,,,,,,,
http://id.lincsproject.ca/identity/PoliticalAffiliation,http://id.lincsproject.ca/identity/PoliticalInvolvement,political involvement,political involvement,,,,,,,,,,,,,,,,,,,,,,,,,,,,,
http://id.lincsproject.ca/identity/PoliticalAffiliation,http://id.lincsproject.ca/identity/PoliticalMembership,political membership,political membership,,,,,,,,,,,,,,,,,,,,,,,,,,,,,
http://id.lincsproject.ca/identity/PoliticalAffiliation,http://id.lincsproject.ca/identity/poorAdvocacy,poor advocacy,advocate for the poor,défense des pauvres,poor advocacy,,,,,,,,,,,,,,,,,,,,,,,,,,,
http://id.lincsproject.ca/identity/PoliticalAffiliation,http://id.lincsproject.ca/identity/poorLawReform,poor law reform,Poor Law reform,poor law reform,réforme de la Poor Law,,,,,,,,,,,,,,,,,,,,,,,,,,,
http://id.lincsproject.ca/identity/PoliticalAffiliation,http://id.lincsproject.ca/identity/prisonReform,prison reform,prison reform,réforme pénitentiaire,,,,,,,,,,,,,,,,,,,,,,,,,,,,
http://id.lincsproject.ca/identity/PoliticalAffiliation,http://id.lincsproject.ca/identity/pro-American,pro-American,pro-American,pro-américain,,,,,,,,,,,,,,,,,,,,,,,,,,,,
http://id.lincsproject.ca/identity/PoliticalAffiliation,http://id.lincsproject.ca/identity/pro-BoerWar,pro-Boer War,pro-Boer,pro-Boer War,pro-guerre des Boers,,,,,,,,,,,,,,,,,,,,,,,,,,,
http://id.lincsproject.ca/identity/PoliticalAffiliation,http://id.lincsproject.ca/identity/pro-Catholicism,pro-Catholicism,catholic,non-compounder,pro-Catholic,roman catholic,pro-Catholicism,procatholicisme,,,,,,,,,,,,,,,,,,,,,,,,
http://id.lincsproject.ca/identity/PoliticalAffiliation,http://id.lincsproject.ca/identity/pro-Choice,pro-choice,Mouvement pro-choix,pro-choice,,,,,,,,,,,,,,,,,,,,,,,,,,,,
http://id.lincsproject.ca/identity/PoliticalAffiliation,http://id.lincsproject.ca/identity/pro-European,pro-European,Europeanist,europhile,pro-European,,,,,,,,,,,,,,,,,,,,,,,,,,,
http://id.lincsproject.ca/identity/PoliticalAffiliation,http://id.lincsproject.ca/identity/pro-Slavery,pro-slavery,pro-esclavagisme,pro-slavery,,,,,,,,,,,,,,,,,,,,,,,,,,,,
http://id.lincsproject.ca/identity/PoliticalAffiliation,http://id.lincsproject.ca/identity/propertyLawReform,property law reform,illegitimacy reformer,land reform,land reformer,property reform,property law reform,réforme des droits à la propriété,,,,,,,,,,,,,,,,,,,,,,,,
http://id.lincsproject.ca/identity/PoliticalAffiliation,http://id.lincsproject.ca/identity/protestantRule,Protestant rule,protestant,protestantism,Protestant rule,gouvernement protestant,,,,,,,,,,,,,,,,,,,,,,,,,,
http://id.lincsproject.ca/identity/PoliticalAffiliation,http://id.lincsproject.ca/identity/racialEquality,racial equality,activist for racial equality,race equality,racial equality activist,racial integration,racial integrationist,racial equality,équité raciale,,,,,,,,,,,,,,,,,,,,,,,
http://id.lincsproject.ca/identity/PoliticalAffiliation,http://id.lincsproject.ca/identity/racism,racism,racist,Racisme,racism,,,,,,,,,,,,,,,,,,,,,,,,,,,
http://id.lincsproject.ca/identity/PoliticalAffiliation,http://id.lincsproject.ca/identity/radicalism,radicalism,political radical,radical,radical dissident,working class radical,radicalism,radicalisme,,,,,,,,,,,,,,,,,,,,,,,,
http://id.lincsproject.ca/identity/PoliticalAffiliation,http://id.lincsproject.ca/identity/rationalism,rationalism,rationalist,Rationalisme,rationalism,,,,,,,,,,,,,,,,,,,,,,,,,,,
http://id.lincsproject.ca/identity/PoliticalAffiliation,http://id.lincsproject.ca/identity/republicanism,republicanism,Républicanisme,republicanism,,,,,,,,,,,,,,,,,,,,,,,,,,,,
http://id.lincsproject.ca/identity/PoliticalAffiliation,http://id.lincsproject.ca/identity/revolutionaryPolitics,revolutionary,pro-revolutionary,revolutionary,révolutionnaire,,,,,,,,,,,,,,,,,,,,,,,,,,,
http://id.lincsproject.ca/identity/PoliticalAffiliation,http://id.lincsproject.ca/identity/sabbatarianism,Sabbatarianism,Sabbatarianism,Sabbatarianisme,,,,,,,,,,,,,,,,,,,,,,,,,,,,
http://id.lincsproject.ca/identity/PoliticalAffiliation,http://id.lincsproject.ca/identity/sanitaryMovement,sanitary movement,mouvement pour l'assainissement,sanitary movement,,,,,,,,,,,,,,,,,,,,,,,,,,,,
http://id.lincsproject.ca/identity/PoliticalAffiliation,http://id.lincsproject.ca/identity/scottishNationalism,Scottish nationalism,scots nationalist,scottish nationalist,Nationalisme écossais,Scottish nationalism,,,,,,,,,,,,,,,,,,,,,,,,,,
http://id.lincsproject.ca/identity/PoliticalAffiliation,http://id.lincsproject.ca/identity/secularism,secularism,secularist,Laïcité,secularism,,,,,,,,,,,,,,,,,,,,,,,,,,,
http://id.lincsproject.ca/identity/PoliticalAffiliation,http://id.lincsproject.ca/identity/separatism,separatism,Separatist,indépendantisme,separatism,,,,,,,,,,,,,,,,,,,,,,,,,,,
http://id.lincsproject.ca/identity/PoliticalAffiliation,http://id.lincsproject.ca/identity/sexualReform,sexual reform,sex-trade activist,sex-trade reformer,sexual liberationist,sexual libertarian,sexual reformer,révolution sexuelle,sexual reform,,,,,,,,,,,,,,,,,,,,,,,
http://id.lincsproject.ca/identity/PoliticalAffiliation,http://id.lincsproject.ca/identity/socialism,socialism,Fabian,Independent Socialist,Social Democrat,Social Democratic Foundation,Social Democratic Party,Social Democrats,fabian socialist,militant socialist,owenite socialism,radical socialist,socialist,socialist and feminist,socialist feminist,socialist organizer,socialism,socialisme,,,,,,,,,,,,,,
http://id.lincsproject.ca/identity/PoliticalAffiliation,http://id.lincsproject.ca/identity/socialPurity,social purity,purity movement,abolition de la prostitution (Royaume-Uni),social purity,,,,,,,,,,,,,,,,,,,,,,,,,,,
http://id.lincsproject.ca/identity/PoliticalAffiliation,http://id.lincsproject.ca/identity/socialReform,social reform,progressivism,reform,reformer,reformers,reformist,social and legal reform,social reformer,social welfare,réforme sociale,social reform,,,,,,,,,,,,,,,,,,,,
http://id.lincsproject.ca/identity/PoliticalAffiliation,http://id.lincsproject.ca/identity/societyOfFriends,Society of Friends,Society of Friends,Société religieuse des Amis,"Friends, Society of",pro-toleration,,,,,,,,,,,,,,,,,,,,,,,,,,
http://id.lincsproject.ca/identity/PoliticalAffiliation,http://id.lincsproject.ca/identity/spanishRepublicanism,Spanish republicanism,spanish republican,spanish republican supporter,Spanish republicanism,républicanisme Espagnol,,,,,,,,,,,,,,,,,,,,,,,,,,
http://id.lincsproject.ca/identity/PoliticalAffiliation,http://id.lincsproject.ca/identity/stalinism,Stalinism,stalinist,totalitarian,Stalinism,Stalinisme,,,,,,,,,,,,,,,,,,,,,,,,,,
http://id.lincsproject.ca/identity/PoliticalAffiliation,http://id.lincsproject.ca/identity/suffrage,suffrage movement,activist; suffrage campaigner,International Suffrage Congress,Woman Suffrage,Women's Enfranchisement,christian suffragist,female suffrage,moderate suffragist,non-militant suffragist,suffrage,suffrage demonstrator,suffrage leader,suffrage organisations,suffrage organizer,suffrage politics,suffrage processions,suffragette,suffragettes,suffragist,supporter of the women's suffrage movement,women's franchise,women's suffrage,Droit de vote,suffrage movement,,,,,,,
http://id.lincsproject.ca/identity/PoliticalAffiliation,http://id.lincsproject.ca/identity/taxResistance,tax resistance,tax resister,tax withholder,Résistance fiscale,tax resistance,,,,,,,,,,,,,,,,,,,,,,,,,,
http://id.lincsproject.ca/identity/PoliticalAffiliation,http://id.lincsproject.ca/identity/temperanceMovement,temperance movement,temperance,temperance activist,temperance supporter,temperance work,temperance worker,Ligue de tempérance,temperance movement,,,,,,,,,,,,,,,,,,,,,,,
http://id.lincsproject.ca/identity/PoliticalAffiliation,http://id.lincsproject.ca/identity/tradeUnionism,trade unionism,trade unionist,union movement,unionism,women's trade unions,syndicalisme,trade unionism,,,,,,,,,,,,,,,,,,,,,,,,
http://id.lincsproject.ca/identity/PoliticalAffiliation,http://id.lincsproject.ca/identity/urbanReform,urban reform,urban reformer,renouvellement urbain,urban reform,,,,,,,,,,,,,,,,,,,,,,,,,,,
http://id.lincsproject.ca/identity/PoliticalAffiliation,http://id.lincsproject.ca/identity/utilitarianism,utilitarianism,Utilitarisme,utilitarianism,,,,,,,,,,,,,,,,,,,,,,,,,,,,
http://id.lincsproject.ca/identity/PoliticalAffiliation,http://id.lincsproject.ca/identity/vegetarianism,vegetarianism,vegetarian,Végétarisme,vegetarianism,,,,,,,,,,,,,,,,,,,,,,,,,,,
http://id.lincsproject.ca/identity/PoliticalAffiliation,http://id.lincsproject.ca/identity/welshNationalism,Welsh nationalism,welsh nationalist,Nationalisme gallois,Welsh nationalism,,,,,,,,,,,,,,,,,,,,,,,,,,,
http://id.lincsproject.ca/identity/PoliticalAffiliation,http://id.lincsproject.ca/identity/whiggism,whiggism,dissident whig,foxite whig,opposition whig,pittite whig,whig,whigs,williamite,whiggism,whiggisme,,,,,,,,,,,,,,,,,,,,,
http://id.lincsproject.ca/identity/PoliticalAffiliation,http://id.lincsproject.ca/identity/wilkite,Wilkite,Wilkite,Wilkite,,,,,,,,,,,,,,,,,,,,,,,,,,,,
http://id.lincsproject.ca/identity/PoliticalAffiliation,http://id.lincsproject.ca/identity/womanism,womanism,womanist,féminisme africain,womanism,,,,,,,,,,,,,,,,,,,,,,,,,,,
http://id.lincsproject.ca/identity/PoliticalAffiliation,http://id.lincsproject.ca/identity/womensEducationReform,women's education reform,activist for women's education,campaigner for women's education,education for women,female education,female education advocate,women educators,women's education reformer,women's higher education,women's medical education,réforme de l'éducation des filles,women's education reform,,,,,,,,,,,,,,,,,,,
http://id.lincsproject.ca/identity/PoliticalAffiliation,http://id.lincsproject.ca/identity/womensEmploymentReform,women's employment reform,employment activist,equal rights in the work place,female employment,salary reform,women's employment reformer,réforme du travail des femmes,women's employment reform,,,,,,,,,,,,,,,,,,,,,,,
http://id.lincsproject.ca/identity/PoliticalAffiliation,http://id.lincsproject.ca/identity/yorkist,Yorkist,Maison d'York,Yorkist,,,,,,,,,,,,,,,,,,,,,,,,,,,,
http://id.lincsproject.ca/identity/PoliticalAffiliation,http://id.lincsproject.ca/identity/zionism,Zionism,proto-Zionist,zionist,Sionisme,Zionism,,,,,,,,,,,,,,,,,,,,,,,,,,
http://id.lincsproject.ca/identity/RaceColour,http://id.lincsproject.ca/identity/afro-CaribbeanRaceColour,Afro-Caribbean,Afro-Caribbean,Afro-Caribéens,,,,,,,,,,,,,,,,,,,,,,,,,,,,
http://id.lincsproject.ca/identity/RaceColour,http://id.lincsproject.ca/identity/anglo-IrishRaceColour,Anglo-Irish,Anglo-Irish,Anglo-irlandais,,,,,,,,,,,,,,,,,,,,,,,,,,,,
http://id.lincsproject.ca/identity/RaceColour,http://id.lincsproject.ca/identity/asianRaceColour,Asian,Asian,Asiatique,,,,,,,,,,,,,,,,,,,,,,,,,,,,
http://id.lincsproject.ca/identity/RaceColour,http://id.lincsproject.ca/identity/blackRaceColour,black,blackwoman,black,noir,,,,,,,,,,,,,,,,,,,,,,,,,,,
http://id.lincsproject.ca/identity/RaceColour,http://id.lincsproject.ca/identity/blackWomanRaceColour,blackwoman,blackwoman,femme noire,,,,,,,,,,,,,,,,,,,,,,,,,,,,
http://id.lincsproject.ca/identity/RaceColour,http://id.lincsproject.ca/identity/creoleRaceColour,Creole,Creole,Créole,,,,,,,,,,,,,,,,,,,,,,,,,,,,
http://id.lincsproject.ca/identity/RaceColour,http://id.lincsproject.ca/identity/englishRaceColour,English,Anglais,English,,,,,,,,,,,,,,,,,,,,,,,,,,,,
http://id.lincsproject.ca/identity/RaceColour,http://id.lincsproject.ca/identity/eurasianRaceColour,eurasian,eurasian,eurasien,,,,,,,,,,,,,,,,,,,,,,,,,,,,
http://id.lincsproject.ca/identity/RaceColour,http://id.lincsproject.ca/identity/indianRaceColour,Indian,Indian,,,,,,,,,,,,,,,,,,,,,,,,,,,,,
http://id.lincsproject.ca/identity/RaceColour,http://id.lincsproject.ca/identity/indigenousPeoplesOfAmericasRaceColour,Indigenous (of the Americas),Native American,Indigenous (of the Americas),,,,,,,,,,,,,,,,,,,,,,,,,,,,
http://id.lincsproject.ca/identity/RaceColour,http://id.lincsproject.ca/identity/jewishRaceColour,Jewish,jew,Jewish,Juif,,,,,,,,,,,,,,,,,,,,,,,,,,,
http://id.lincsproject.ca/identity/RaceColour,http://id.lincsproject.ca/identity/mixedRaceColour,mixed-race,coloured (mixed-race),mixed,mixed white and black (or,in her own word,colored),mixed-blood,racially mixed,red mulatto,mixed-race,métis,,,,,,,,,,,,,,,,,,,,
http://id.lincsproject.ca/identity/RaceColour,http://id.lincsproject.ca/identity/scottishRaceColour,Scottish,Scotch,Scots,Scottish,,,,,,,,,,,,,,,,,,,,,,,,,,,
http://id.lincsproject.ca/identity/RaceColour,http://id.lincsproject.ca/identity/whiteRaceColour,white,presumably white,blanc,white,,,,,,,,,,,,,,,,,,,,,,,,,,,
http://id.lincsproject.ca/identity/Religion,http://id.lincsproject.ca/identity/abrahamicReligions,Abrahamic religions,Abrahamic religions,Religions abrahamiques,,,,,,,,,,,,,,,,,,,,,,,,,,,,
http://id.lincsproject.ca/identity/Religion,http://id.lincsproject.ca/identity/adventism,Adventism,Second Adventist,Adventism,Adventisme,,,,,,,,,,,,,,,,,,,,,,,,,,,
http://id.lincsproject.ca/identity/Religion,http://id.lincsproject.ca/identity/agnosticism,agnosticism,agnosticism,agnosticisme,,,,,,,,,,,,,,,,,,,,,,,,,,,,
http://id.lincsproject.ca/identity/Religion,http://id.lincsproject.ca/identity/anglicanism,Anglicanism,Anglican Church,Anglo-Catholic,Church of England,Church of Ireland,Episcopalian,High Anglican,High Church,Low Church,Low-Church,Anglicaans (kerk van Engeland),Anglicanism,Anglicanismo,Iglesia de Inglaterra,ying guo sheng gong hui,ying kuo sheng kung hui,yīng guó shèng gōng huì,Église d'Angleterre,英國聖公會 (英國國教),,,,,,,,,,,,
http://id.lincsproject.ca/identity/Religion,http://id.lincsproject.ca/identity/antiClericalism,anti-clericalism,anti-clericalism,anticléricalisme,,,,,,,,,,,,,,,,,,,,,,,,,,,,
http://id.lincsproject.ca/identity/Religion,http://id.lincsproject.ca/identity/asceticism,asceticism,asceticism,ascèse,,,,,,,,,,,,,,,,,,,,,,,,,,,,
http://id.lincsproject.ca/identity/Religion,http://id.lincsproject.ca/identity/atheism,atheism,atheism,athéisme,,,,,,,,,,,,,,,,,,,,,,,,,,,,
http://id.lincsproject.ca/identity/Religion,http://id.lincsproject.ca/identity/baptistChristianity,Baptist Christianity,Baptist,Baptist Church,Particular Baptist,Baptisme,Baptisme,Baptismo,Baptist Christianity,Baptistas,chin li tsung,jin li zong,jìn lǐ zōng,浸信會,浸禮宗,浸禮派,,,,,,,,,,,,,,,,
http://id.lincsproject.ca/identity/Religion,http://id.lincsproject.ca/identity/behemenism,Behemenism,Behmenist,Behemenism,,,,,,,,,,,,,,,,,,,,,,,,,,,,
http://id.lincsproject.ca/identity/Religion,http://id.lincsproject.ca/identity/benedictineOrder,Benedictine Order,Benedictine,Benedictine Order,Ordre de Saint-Benoît,,,,,,,,,,,,,,,,,,,,,,,,,,,
http://id.lincsproject.ca/identity/Religion,http://id.lincsproject.ca/identity/buddhism,Buddhism,Buddhist,Boeddhisme,Bouddhisme,Buddhism,Budismo,fo chiao,fo jiao,fó jiào,佛教,,,,,,,,,,,,,,,,,,,,,
http://id.lincsproject.ca/identity/Religion,http://id.lincsproject.ca/identity/bushido,Bushido,Bushido,Bushido,,,,,,,,,,,,,,,,,,,,,,,,,,,,
http://id.lincsproject.ca/identity/Religion,http://id.lincsproject.ca/identity/calvinism,Calvinism,Reformed,Calvinism,calvinisme,,,,,,,,,,,,,,,,,,,,,,,,,,,
http://id.lincsproject.ca/identity/Religion,http://id.lincsproject.ca/identity/cartesianism,Cartesianism,Cartesian,Cartesianism,Cartésianisme,,,,,,,,,,,,,,,,,,,,,,,,,,,
http://id.lincsproject.ca/identity/Religion,http://id.lincsproject.ca/identity/catholicism,Roman Catholicism,Catholic Church,Catholicism,Roman Catholic Church,Catholicisme,Catolicismo,Catolicismo Romano,Katholicisme,Katholiek,Roman Catholicism,Rooms-Katholicisme,,,,,,,,,,,,,,,,,,,,
http://id.lincsproject.ca/identity/Religion,http://id.lincsproject.ca/identity/christianity,Christianity,Christian,Free Christian Church,Greek Orthodox,Russian Orthodox,orthodox Christianity,Christelijk,Christendom,Christianisme,Christianity,Cristianismo,chi tu chiao,ji du jiao,jī dū jiāo,基督教,,,,,,,,,,,,,,,,
http://id.lincsproject.ca/identity/Religion,http://id.lincsproject.ca/identity/christianScience,Christian Science,Christian Scientist,Church of Christ Scientist,Christenwetenschap,Christian Science,Ciencia Cristiana,Science Chrétienne,,,,,,,,,,,,,,,,,,,,,,,,
http://id.lincsproject.ca/identity/Religion,http://id.lincsproject.ca/identity/congregationalism,Congregationalism,Independent,Independent Church,Separatist,Congregationalism,Églises congrégationalistes,,,,,,,,,,,,,,,,,,,,,,,,,
http://id.lincsproject.ca/identity/Religion,http://id.lincsproject.ca/identity/darwinism,Darwinism,Darwinist,evolutionist,Darwinism,Darwinisme,,,,,,,,,,,,,,,,,,,,,,,,,,
http://id.lincsproject.ca/identity/Religion,http://id.lincsproject.ca/identity/deism,deism,deist,deism,déisme,,,,,,,,,,,,,,,,,,,,,,,,,,,
http://id.lincsproject.ca/identity/Religion,http://id.lincsproject.ca/identity/determinism,determinism,predestinarianism,determinism,déterminisme,,,,,,,,,,,,,,,,,,,,,,,,,,,
http://id.lincsproject.ca/identity/Religion,http://id.lincsproject.ca/identity/dissentProtestant,Dissent (Protestant),Dissenter,Dissenting Churches,Dissenting Presbyterian,Nonconformist,Rational Dissent,Dissent (Protestant),dissidents (ou non-conformistes),,,,,,,,,,,,,,,,,,,,,,,
http://id.lincsproject.ca/identity/Religion,http://id.lincsproject.ca/identity/dominicanOrder,Dominican,Dominican,Ordre des Prêcheurs,,,,,,,,,,,,,,,,,,,,,,,,,,,,
http://id.lincsproject.ca/identity/Religion,http://id.lincsproject.ca/identity/easternReligions,eastern religions,eastern religions,,,,,,,,,,,,,,,,,,,,,,,,,,,,,
http://id.lincsproject.ca/identity/Religion,http://id.lincsproject.ca/identity/ecumenism,ecumenism,ecumenical,ecumenism,œcuménisme,,,,,,,,,,,,,,,,,,,,,,,,,,,
http://id.lincsproject.ca/identity/Religion,http://id.lincsproject.ca/identity/evangelicalism,Evangelicalism,Evangelical,Evangelical Christian,Evangelical Church,Evangelical Protestantism,Evangelicism,Evangelicalism,évangélisme,,,,,,,,,,,,,,,,,,,,,,,
http://id.lincsproject.ca/identity/Religion,http://id.lincsproject.ca/identity/faithHealing,faith healing,faith-healing,faith healing,,,,,,,,,,,,,,,,,,,,,,,,,,,,
http://id.lincsproject.ca/identity/Religion,http://id.lincsproject.ca/identity/fatalism,fatalism,Necessarian,fatalist,fatalism,fatalisme,,,,,,,,,,,,,,,,,,,,,,,,,,
http://id.lincsproject.ca/identity/Religion,http://id.lincsproject.ca/identity/fifthMonarchists,Fifth Monarchists,Cinquièmes Monarchistes,Fifth Monarchists,,,,,,,,,,,,,,,,,,,,,,,,,,,,
http://id.lincsproject.ca/identity/Religion,http://id.lincsproject.ca/identity/freemasonry,Freemasonry,Freemason,Freemasonry,franc-maçonnerie,,,,,,,,,,,,,,,,,,,,,,,,,,,
http://id.lincsproject.ca/identity/Religion,http://id.lincsproject.ca/identity/freethought,freethought,free-thinker,sceptic,freethought,libre-pensée,,,,,,,,,,,,,,,,,,,,,,,,,,
http://id.lincsproject.ca/identity/Religion,http://id.lincsproject.ca/identity/gnosticism,Gnosticism,Gnosticism,gnosticisme,,,,,,,,,,,,,,,,,,,,,,,,,,,,
http://id.lincsproject.ca/identity/Religion,http://id.lincsproject.ca/identity/hermeticism,Hermeticism,Hermetic,Hermetism,Hermeticism,Hermétisme,,,,,,,,,,,,,,,,,,,,,,,,,,
http://id.lincsproject.ca/identity/Religion,http://id.lincsproject.ca/identity/hinduism,Hinduism,Hindoos,Hindoeïsme,Hindou,Hinduism,Hinduismo,hindouisme,yin du jiao,yin tu chiao,yìn dù jiào,印度教,,,,,,,,,,,,,,,,,,,,
http://id.lincsproject.ca/identity/Religion,http://id.lincsproject.ca/identity/independentMethodistConnexion,Independent Methodist Connexion,Independent Methodist,Independent Methodist Connexion,,,,,,,,,,,,,,,,,,,,,,,,,,,,
http://id.lincsproject.ca/identity/Religion,http://id.lincsproject.ca/identity/islam,Islamism,Islamic,Mahometans,Muslim,Islam,Islam,Islamism,Islamismo,i ssu lan chiao,islam,yi si lan jiao,yī sī lán jiāo,伊斯蘭教,回教,,,,,,,,,,,,,,,,,
http://id.lincsproject.ca/identity/Religion,http://id.lincsproject.ca/identity/jansenism,Jansenism,Jansenism,Jansénisme,,,,,,,,,,,,,,,,,,,,,,,,,,,,
http://id.lincsproject.ca/identity/Religion,http://id.lincsproject.ca/identity/judaism,Judaism,Jewish,Orthodox Judaism,Jodendom,Joods,Judaism,Judaísmo,Judaïsme,you tai jiao,yu t'ai chiao,yóu tài jiāo,猶太教,,,,,,,,,,,,,,,,,,,
http://id.lincsproject.ca/identity/Religion,http://id.lincsproject.ca/identity/latitudinarianism,Latitudinarianism,Latitudinarian,latudinarian,Latitudinarianism,,,,,,,,,,,,,,,,,,,,,,,,,,,
http://id.lincsproject.ca/identity/Religion,http://id.lincsproject.ca/identity/lollardy,Lollardy,Lollardy,Lollardy,,,,,,,,,,,,,,,,,,,,,,,,,,,,
http://id.lincsproject.ca/identity/Religion,http://id.lincsproject.ca/identity/methodism,Methodism,Methodist Church,Methodist New Connection,Methodism,Église méthodiste,,,,,,,,,,,,,,,,,,,,,,,,,,
http://id.lincsproject.ca/identity/Religion,http://id.lincsproject.ca/identity/methodistEpiscopalian,Methodist Episcopalian,African Methodist Episcopal,African Methodist Episcopal Church,Methodist Episcopalian,,,,,,,,,,,,,,,,,,,,,,,,,,,
http://id.lincsproject.ca/identity/Religion,http://id.lincsproject.ca/identity/millenarianism,millenarianism,milleniarian,millenarianism,millénarisme,ou chiliasme,,,,,,,,,,,,,,,,,,,,,,,,,,
http://id.lincsproject.ca/identity/Religion,http://id.lincsproject.ca/identity/monism,monism,Monist,monism,monisme,,,,,,,,,,,,,,,,,,,,,,,,,,,
http://id.lincsproject.ca/identity/Religion,http://id.lincsproject.ca/identity/moravian,Moravian,Frères moraves,Moravian,,,,,,,,,,,,,,,,,,,,,,,,,,,,
http://id.lincsproject.ca/identity/Religion,http://id.lincsproject.ca/identity/mysticism,mysticism,Eastern mysticism,mystic,mysticism,mystique,,,,,,,,,,,,,,,,,,,,,,,,,,
http://id.lincsproject.ca/identity/Religion,http://id.lincsproject.ca/identity/naturalReligion,Natural Religion,Natural Religion,,,,,,,,,,,,,,,,,,,,,,,,,,,,,
http://id.lincsproject.ca/identity/Religion,http://id.lincsproject.ca/identity/neo-thomism,Neo-thomism,Neo-thomism,néothomisme,,,,,,,,,,,,,,,,,,,,,,,,,,,,
http://id.lincsproject.ca/identity/Religion,http://id.lincsproject.ca/identity/newThought,New Thought,New Thought,Nouvelle Pensée,,,,,,,,,,,,,,,,,,,,,,,,,,,,
http://id.lincsproject.ca/identity/Religion,http://id.lincsproject.ca/identity/obeah,Obeah,Obeah,Obeah,,,,,,,,,,,,,,,,,,,,,,,,,,,,
http://id.lincsproject.ca/identity/Religion,http://id.lincsproject.ca/identity/occultism,occultism,mediumship,member of the council of the society for psychical research,vice president of the college of psychic studies,Occultist,Tarot card believer,theosophism,Theosophist,Theosophy,astrologer,character reader,fortune teller,magician,medium,spiritualism,spiritualist,occultism,occultisme,,,,,,,,,,,,,
http://id.lincsproject.ca/identity/Religion,http://id.lincsproject.ca/identity/paganism,Paganism,pagan (Greek),Paganism,Paganisme,,,,,,,,,,,,,,,,,,,,,,,,,,,
http://id.lincsproject.ca/identity/Religion,http://id.lincsproject.ca/identity/pantheism,pantheism,pantheism,panthéisme,,,,,,,,,,,,,,,,,,,,,,,,,,,,
http://id.lincsproject.ca/identity/Religion,http://id.lincsproject.ca/identity/pentecostalism,Pentecostalism,Pentecostal Evangelists,Pentecostalism,Pentecôtisme,,,,,,,,,,,,,,,,,,,,,,,,,,,
http://id.lincsproject.ca/identity/Religion,http://id.lincsproject.ca/identity/plymouthBrethren,Plymouth Brethren,Assemblées de Frères,Frères de Schwarzenau,Plymouth Brethren,,,,,,,,,,,,,,,,,,,,,,,,,,,
http://id.lincsproject.ca/identity/Religion,http://id.lincsproject.ca/identity/presbyterianism,Presbyterianism,Free Church of Scotland,Presbyterian Church,Prebyteriaan,Presbiterianismo,Presbytarianisme,Presbyterianism,Presbyterianisme,chang lao tsung,zhang lao zong,zhǎng lǎo zōng,長老制,長老宗,長老教會,,,,,,,,,,,,,,,,,
http://id.lincsproject.ca/identity/Religion,http://id.lincsproject.ca/identity/protestantism,Protestantism,Labadists,provincial English Protestantism,Protestantism,hsin chiao,protestant,protestantisme,protestantisme,protestantismo,xin jiao,xīn jiāo,抗羅宗,新教,,,,,,,,,,,,,,,,,,
http://id.lincsproject.ca/identity/Religion,http://id.lincsproject.ca/identity/protoZionism,Proto-Zionism,proto-Zionist,Proto-Zionism,,,,,,,,,,,,,,,,,,,,,,,,,,,,
http://id.lincsproject.ca/identity/Religion,http://id.lincsproject.ca/identity/puritanism,Puritanism,Puritanism,puritanisme,,,,,,,,,,,,,,,,,,,,,,,,,,,,
http://id.lincsproject.ca/identity/Religion,http://id.lincsproject.ca/identity/quakerism,Quakerism,Friends,Society of,Society of Friends,Quakerism,quaker,,,,,,,,,,,,,,,,,,,,,,,,,
http://id.lincsproject.ca/identity/Religion,http://id.lincsproject.ca/identity/reincarnation,reincarnation,believer in reincarnation,reincarnationist,reincarnation,réincarnation,,,,,,,,,,,,,,,,,,,,,,,,,,
http://id.lincsproject.ca/identity/Religion,http://id.lincsproject.ca/identity/rosicrucianism,Rosicrucianism,Rosicrucian,Rose-Croix,Rosicrucianism,,,,,,,,,,,,,,,,,,,,,,,,,,,
http://id.lincsproject.ca/identity/Religion,http://id.lincsproject.ca/identity/seekers,Seekers,Seekers,,,,,,,,,,,,,,,,,,,,,,,,,,,,,
http://id.lincsproject.ca/identity/Religion,http://id.lincsproject.ca/identity/shinto,Shinto,Shinto,Shintoïsme,,,,,,,,,,,,,,,,,,,,,,,,,,,,
http://id.lincsproject.ca/identity/Religion,http://id.lincsproject.ca/identity/socialGospel,Social Gospel,Social Gospel,Évangile social,,,,,,,,,,,,,,,,,,,,,,,,,,,,
http://id.lincsproject.ca/identity/Religion,http://id.lincsproject.ca/identity/socinianism,Socinianism,Socinianism,socinianisme,,,,,,,,,,,,,,,,,,,,,,,,,,,,
http://id.lincsproject.ca/identity/Religion,http://id.lincsproject.ca/identity/spiritualism,spiritualism,psychic,spiritualism,spritisme,,,,,,,,,,,,,,,,,,,,,,,,,,,
http://id.lincsproject.ca/identity/Religion,http://id.lincsproject.ca/identity/sufism,Sufism,Soufisme,Sufism,,,,,,,,,,,,,,,,,,,,,,,,,,,,
http://id.lincsproject.ca/identity/Religion,http://id.lincsproject.ca/identity/swedenborgianism,Swedenborgianism,New Church,Swedenborgianism,,,,,,,,,,,,,,,,,,,,,,,,,,,,
http://id.lincsproject.ca/identity/Religion,http://id.lincsproject.ca/identity/theism,theism,theist,theism,théisme,,,,,,,,,,,,,,,,,,,,,,,,,,,
http://id.lincsproject.ca/identity/Religion,http://id.lincsproject.ca/identity/tractarianMovement,Tractarian Movement,Oxford Movement,Tractarian,Tractarian Movement,tractarianisme,,,,,,,,,,,,,,,,,,,,,,,,,,
http://id.lincsproject.ca/identity/Religion,http://id.lincsproject.ca/identity/unitarianism,Unitarianism,Unitarian,Unitarian Church,Unitarian Movement,active unitarian,unitarianMovement,Unitarianism,unitarios,unitarisme,unitarisme,unitarismo,,,,,,,,,,,,,,,,,,,,
http://id.lincsproject.ca/identity/Religion,http://id.lincsproject.ca/identity/universalist,Universalist,universal salvation,Universalist,,,,,,,,,,,,,,,,,,,,,,,,,,,,
http://id.lincsproject.ca/identity/Religion,http://id.lincsproject.ca/identity/vitalism,vitalism,vitalist,vitalism,vitalisme,,,,,,,,,,,,,,,,,,,,,,,,,,,
http://id.lincsproject.ca/identity/Religion,http://id.lincsproject.ca/identity/wesleyanism,Wesleyanism,Wesleyan,Wesleyan Independent,Wesleyan Methodist,Wesleyanism,Wesleyanisme,,,,,,,,,,,,,,,,,,,,,,,,,
http://id.lincsproject.ca/identity/Religion,http://id.lincsproject.ca/identity/zen,Zen,Zen Buddhism,Zen,zen,,,,,,,,,,,,,,,,,,,,,,,,,,,
http://id.lincsproject.ca/identity/Religion,http://id.lincsproject.ca/identity/zoroastrianism,Zoroastrianism,Parsi,Zoroastrianism,Zoroastrisme,,,,,,,,,,,,,,,,,,,,,,,,,,,
http://id.lincsproject.ca/identity/Sexuality,http://id.lincsproject.ca/identity/asexuality,asexuality,asexual,asexuality,asexualité,,,,,,,,,,,,,,,,,,,,,,,,,,,
http://id.lincsproject.ca/identity/Sexuality,http://id.lincsproject.ca/identity/bisexuality,bisexuality,bisexual,bisexuality,bisexualité,,,,,,,,,,,,,,,,,,,,,,,,,,,
http://id.lincsproject.ca/identity/Sexuality,http://id.lincsproject.ca/identity/celibacy,celibacy,celibate,celibacy,célibat,,,,,,,,,,,,,,,,,,,,,,,,,,,
http://id.lincsproject.ca/identity/Sexuality,http://id.lincsproject.ca/identity/frigidity,frigidity,frigid,frigidity,frigidité,,,,,,,,,,,,,,,,,,,,,,,,,,,
http://id.lincsproject.ca/identity/Sexuality,http://id.lincsproject.ca/identity/heterosexual,heterosexuality,heterosexual,heterosexuality,hétérosexualité,,,,,,,,,,,,,,,,,,,,,,,,,,,
http://id.lincsproject.ca/identity/Sexuality,http://id.lincsproject.ca/identity/homosexual,homosexuality,homosexual,male HOMOSEXUAL,homosexuality,homosexualité,,,,,,,,,,,,,,,,,,,,,,,,,,
http://id.lincsproject.ca/identity/Sexuality,http://id.lincsproject.ca/identity/lesbian,lesbianism,lesbian,lesbianism,lesbianisme,,,,,,,,,,,,,,,,,,,,,,,,,,,
http://id.lincsproject.ca/identity/Sexuality,http://id.lincsproject.ca/identity/libertinism,libertinism,libertine,libertinage,libertinism,,,,,,,,,,,,,,,,,,,,,,,,,,,
http://id.lincsproject.ca/identity/Sexuality,http://id.lincsproject.ca/identity/promiscuity,promiscuity,promiscuous,promiscuity,promiscuité,,,,,,,,,,,,,,,,,,,,,,,,,,,
http://id.lincsproject.ca/identity/SocialClass,http://id.lincsproject.ca/identity/bohemianism,Bohemianism,alternative society of young artists,dropouts,and nonconformists,bohemian with upper-class connections,classlessness,Bohemianism,Bohème,,,,,,,,,,,,,,,,,,,,,,,
http://id.lincsproject.ca/identity/SocialClass,http://id.lincsproject.ca/identity/brahmin,Brahmin,Brahmane,Brahmin,,,,,,,,,,,,,,,,,,,,,,,,,,,,
http://id.lincsproject.ca/identity/SocialClass,http://id.lincsproject.ca/identity/entrepreneurial-industrialist,entrepreneurial,ENTREPRENEURIAL-INDUSTRIALIST,entreprenariat,entrepreneurial,,,,,,,,,,,,,,,,,,,,,,,,,,,
http://id.lincsproject.ca/identity/SocialClass,http://id.lincsproject.ca/identity/gentry,gentry,GENTRY,gentility,aristocratie,gentry,,,,,,,,,,,,,,,,,,,,,,,,,,
http://id.lincsproject.ca/identity/SocialClass,http://id.lincsproject.ca/identity/indigent,indigent,INDIGENT,impoverished,poverty,indigent,indigent•e•s,,,,,,,,,,,,,,,,,,,,,,,,,
http://id.lincsproject.ca/identity/SocialClass,http://id.lincsproject.ca/identity/lowerMiddleClass,lower-middle class,LOWER-MIDDLECLASS,genteel poverty,classe moyenne inférieure,lower-middle class,,,,,,,,,,,,,,,,,,,,,,,,,,
http://id.lincsproject.ca/identity/SocialClass,http://id.lincsproject.ca/identity/managerial,managerial,MANAGERIAL,cadre,managerial,,,,,,,,,,,,,,,,,,,,,,,,,,,
http://id.lincsproject.ca/identity/SocialClass,http://id.lincsproject.ca/identity/middleClass,middle class,bourgeois,middle,middle classes,middle ranks,middle-class,middling ranks,middling sort,urban middle class,classe moyenne,middle class,,,,,,,,,,,,,,,,,,,,
http://id.lincsproject.ca/identity/SocialClass,http://id.lincsproject.ca/identity/nobility,nobility,NOBILITY,royal,royal descent,royal,but not expected to become queen,royalty,nobility,noblesse,,,,,,,,,,,,,,,,,,,,,,
http://id.lincsproject.ca/identity/SocialClass,http://id.lincsproject.ca/identity/professional,professional,PROFESSIONAL,professional class,professional classes,professional,professionelle,,,,,,,,,,,,,,,,,,,,,,,,,
http://id.lincsproject.ca/identity/SocialClass,http://id.lincsproject.ca/identity/rural-unskilled,rural unskilled,RURAL-UNSKILLED,ouvrière agricole,rural unskilled,,,,,,,,,,,,,,,,,,,,,,,,,,,
http://id.lincsproject.ca/identity/SocialClass,http://id.lincsproject.ca/identity/servants,servant,SERVANTS,domestique,servant,,,,,,,,,,,,,,,,,,,,,,,,,,,
http://id.lincsproject.ca/identity/SocialClass,http://id.lincsproject.ca/identity/shopkeepers,shopkeepers,SHOPKEEPERS,commerçants,shopkeepers,,,,,,,,,,,,,,,,,,,,,,,,,,,
http://id.lincsproject.ca/identity/SocialClass,http://id.lincsproject.ca/identity/skilledCraftpersonArtisan,artisan,SKILLEDCRAFTPERSON-ARTISAN,artisan,artisane qualifiée,,,,,,,,,,,,,,,,,,,,,,,,,,,
http://id.lincsproject.ca/identity/SocialClass,http://id.lincsproject.ca/identity/slave-forced-labourer,slave or forced labourer,bonded labourer,serf,serfs,slave,slave or forced labourer,,,,,,,,,,,,,,,,,,,,,,,,,
http://id.lincsproject.ca/identity/SocialClass,http://id.lincsproject.ca/identity/upper-middleClass,upper-middle class,classe moyenne supérieure,upper-middle class,,,,,,,,,,,,,,,,,,,,,,,,,,,,
http://id.lincsproject.ca/identity/SocialClass,http://id.lincsproject.ca/identity/urban-industrialUnskilled,urban unskilled,URBAN-INDUSTRIALUNSKILLED,ouvrier non qualifié,urban unskilled,,,,,,,,,,,,,,,,,,,,,,,,,,,
http://id.lincsproject.ca/identity/SocialClass,http://id.lincsproject.ca/identity/workingClass,working class,rural working class parents,urban working class,working classes,working woman,classe ouvrière,working class,,,,,,,,,,,,,,,,,,,,,,,,
http://id.lincsproject.ca/identity/SocialClass,http://id.lincsproject.ca/identity/yeoman-farmer,yeoman farmer,YEOMAN-FARMER,yeoman,paysanne yeoman,yeoman farmer,,,,,,,,,,,,,,,,,,,,,,,,,,
http://id.lincsproject.ca/occupation/Occupation,http://id.lincsproject.ca/identity/suffrage,suffrage movement,activist; suffrage campaigner,International Suffrage Congress,Woman Suffrage,Women's Enfranchisement,christian suffragist,female suffrage,moderate suffragist,non-militant suffragist,suffrage,suffrage demonstrator,suffrage leader,suffrage organisations,suffrage organizer,suffrage politics,suffrage processions,suffragette,suffragettes,suffragist,supporter of the women's suffrage movement,women's franchise,women's suffrage,Droit de vote,suffrage movement,,,,,,,