http://id.lincsproject.ca/ii/Addisons_disease,"Addison's disease"
http://id.lincsproject.ca/ii/Alcohol_poisoning,"alcohol poisoning","chronic alcohol poisoning"
http://id.lincsproject.ca/ii/Alcohol_use_disorders,"alcoholism","delirium tremens"
http://id.lincsproject.ca/ii/Alzheimers_disease_dementias,"Alzheimer's Disease","Senile","dementia","senile debility","senile decay","senile dementia"
http://id.lincsproject.ca/ii/Anaemia,"aplastic anaemia","pernicious anaemia"
http://id.lincsproject.ca/ii/Appendicitis,"acute appendicitis"
http://id.lincsproject.ca/ii/Asphyxia,"asphyxia"
http://id.lincsproject.ca/ii/Assault,"fatally stabbed","murder"
http://id.lincsproject.ca/ii/Asthma,"asthma attacks","asthma","general decline in health complicated by asthma"
http://id.lincsproject.ca/ii/Cancer,"cancer","complications following lymphoma","lymphoma"
http://id.lincsproject.ca/ii/Cancer_of_breast,"breast cancer"
http://id.lincsproject.ca/ii/Cancer_of_central_nervous_system,"brain tumour","lymphoma of the brain cells"
http://id.lincsproject.ca/ii/Cancer_of_cervix,"cervical cancer"
http://id.lincsproject.ca/ii/Cancer_of_colon_rectum_and_anus,"bowel cancer","cancer of the colon","colon cancer","intestinal cancer"
http://id.lincsproject.ca/ii/Cancer_of_lip_oral_cavity_and_pharynx,"mouth cancer"
http://id.lincsproject.ca/ii/Cancer_of_liver,"cancer of the liver","liver cancer"
http://id.lincsproject.ca/ii/Cancer_of_ovary,"ovarian cancer","ovarian tumour"
http://id.lincsproject.ca/ii/Cancer_of_pancreas,"cancer of the pancreas"
http://id.lincsproject.ca/ii/Cancer_of_stomach,"stomach cancer"
http://id.lincsproject.ca/ii/Cancer_of_trachea_bronchus_and_lung,"cancer of the lungs (metastasised breast cancer)","lung cancer"
http://id.lincsproject.ca/ii/Cancer_of_uterus,"cancer of the uterus","uterine cancer"
http://id.lincsproject.ca/ii/Cerebrovascular_diseases_stroke,"a series of strokes","a stroke","apoplectic fit","apoplexy (that is a stroke)","apoplexy","cerebral aneurism","cerebral haemorrage","cerebral haemorrhage","cerebral thrombosis","cerebral vascular disease","coronary thrombosis","lingering effects of a brain haemorrhage","paralytic stroke","stroke brought on by cardiovascular degeneration","stroke which had paralysed her","stroke"
http://id.lincsproject.ca/ii/Chill,"chill"
http://id.lincsproject.ca/ii/Cholera,"cholera"
http://id.lincsproject.ca/ii/Cold,"apparently slight cold","cold"
http://id.lincsproject.ca/ii/Coma,"coma"
http://id.lincsproject.ca/ii/Complications_of_surgery,"complications from surgery","post-surgical complications"
http://id.lincsproject.ca/ii/Concussion,"a serious concussion","concussion"
http://id.lincsproject.ca/ii/Convulsions,"convulsions"
http://id.lincsproject.ca/ii/Diabetes,"diabetes"
http://id.lincsproject.ca/ii/Diphtheria,"diphtheria","diptheria"
http://id.lincsproject.ca/ii/Disease_of_the_blood,"blood disease"
http://id.lincsproject.ca/ii/Disease_of_the_circulatory_system,"cardiac arrest","cardiac degeneration","cardiac failure","cardiopulmonary failure","dropsy (congestive heart failure)","dropsy","fatty myocardial degeneration","gradual collapse of blood vessels in her brain","heart and kidney disease","heart by-pass operation","heart condition","heart disease","heart failed","heart failure","heart problems","heart spasms","myocarditis","rupture of the heart","heart trouble","years of heart disease","gradual heart failure"
http://id.lincsproject.ca/ii/Disease_of_the_digestive_system,"abscess on the liver","cholic","chronic digestive problems","cramp in the stomach","digestive disorder","disease of the liver","disease of the stomach","enteritis","gastro-intestinal disease","inflamation in her Bowels","liver complaint","liver disease","peritonitis","stomach ailment"
http://id.lincsproject.ca/ii/Disease_of_the_ear,"Ménière's disease"
http://id.lincsproject.ca/ii/Disease_of_the_genitourinary_system,"Bright's disease","complications of kidney disease","kidney disease","kidney failure caused by gout","kidney failure","kidney infection","renal dysfunction, probably Bright's Disease","renal sclerosis"
http://id.lincsproject.ca/ii/Disease_of_the_musculoskeletal_system,"disease of the spine"
http://id.lincsproject.ca/ii/Disease_of_the_nervous_system,"motor neuron disease"
http://id.lincsproject.ca/ii/Disease_of_the_respiratory_system,"a massive tubercular haemorrhage","bronchitis","congestion of the lungs","emphysema","inflammation of the Lungs","pulmonary complications","pulmonary disease","respiratory disease","respiratory failure","respiratory problems","ulcers of the larynx","water on the lungs"
http://id.lincsproject.ca/ii/Drowning,"drowned in a shipwreck","drowned","drowning"
http://id.lincsproject.ca/ii/Edema,"edema"
http://id.lincsproject.ca/ii/Epilepsy,"epileptic fits","epilepsy"
http://id.lincsproject.ca/ii/External_cause,"accident","hanged","suspicious circumstances"
http://id.lincsproject.ca/ii/Falls,"after-effects of a fall","fall","falling downstairs","falling out of bed"
http://id.lincsproject.ca/ii/Fever,"fever","sharp Feavour"
http://id.lincsproject.ca/ii/Fire,"burned alive","burned to death","burns"
http://id.lincsproject.ca/ii/Gangrene,"gangrene"
http://id.lincsproject.ca/ii/Gastric_and_duodenal_ulcer,"burst stomach ulcer or appendix","duodenal ulcer","haemorrhage from a perforated duodenal ulcer"
http://id.lincsproject.ca/ii/Gravess_disease,"Graves's Disease"
http://id.lincsproject.ca/ii/Hepatitis,"hepatitis or phthisis"
http://id.lincsproject.ca/ii/Hodgkins_lymphoma,"Hodgkin's disease","Hodgkin's lymphoma"
http://id.lincsproject.ca/ii/Influenza,"influenza"
http://id.lincsproject.ca/ii/Intentional_self-harm,"committed suicide","drinking half a bottle of the disinfectant lysol","drug overdose","gassing herself","hanged herself","killed herself","overdose of sleeping potion","shot herself","suicide by ingesting perchloride of mercury","suicide"
http://id.lincsproject.ca/ii/Intestinal_malabsorption,"malabsorption disease"
http://id.lincsproject.ca/ii/Jaundice,"jaundice"
http://id.lincsproject.ca/ii/Kidney_stones,"gravel","kidney stone complications"
http://id.lincsproject.ca/ii/Leukaemia,"leukaemia","leukemia"
http://id.lincsproject.ca/ii/Liver_cirrhosis,"cirrhosis of the liver"
http://id.lincsproject.ca/ii/Malaise_and_fatigue,"inanition"
http://id.lincsproject.ca/ii/Malaria,"malaria","malarial fever"
http://id.lincsproject.ca/ii/Malnutrition,"malnutrition"
http://id.lincsproject.ca/ii/Measles,"measles"
http://id.lincsproject.ca/ii/Meningitis,"meningitis"
http://id.lincsproject.ca/ii/Mental_behavioural_disorder,"mania"
http://id.lincsproject.ca/ii/Multiple_sclerosis,"multiple sclerosis"
http://id.lincsproject.ca/ii/Myocardial_infarction_heart_attack,"heart attack","massive coronary"
http://id.lincsproject.ca/ii/Paralysis,"paralysis"
http://id.lincsproject.ca/ii/Parkinson_disease,"Parkinson's disease"
http://id.lincsproject.ca/ii/Pleurisy,"pleurisy"
http://id.lincsproject.ca/ii/Pneumonia,"bronchial pneumonia","bronchopneumonia","double pneumonia","pneumnia","pneumonia"
http://id.lincsproject.ca/ii/Poisoning,"arsenic poisoning","poison"
http://id.lincsproject.ca/ii/Pregnancy_or_childbirth,"after giving birth","bearing a dead son in premature labour","childbirth","complications from premature childbirth","puerperal fever"
http://id.lincsproject.ca/ii/Puerperal_fever,"puerperal fever"
http://id.lincsproject.ca/ii/Rabies,"rabies"
http://id.lincsproject.ca/ii/Rheumatic_fever,"rheumatic heart disease"
http://id.lincsproject.ca/ii/Rheumatoid_Arthritis,"arthritis","rheumatoid arthritis"
http://id.lincsproject.ca/ii/Septicaemia,"septicaemia caused by a mosquito bite","septicaemia"
http://id.lincsproject.ca/ii/Severe_stress_and_adjustment_disorders,"broken Heart","grief","nervous shock","shock"
http://id.lincsproject.ca/ii/Smallpox,"smallpox"
http://id.lincsproject.ca/ii/Stings,"bee-sting"
http://id.lincsproject.ca/ii/Syphilis,"syphilis"
http://id.lincsproject.ca/ii/Tuberculosis,"Pott's disease","consumption or lung disease","consumption","pulmonary tuberculosis","tubercular haemorrhage","tuberculosis"
http://id.lincsproject.ca/ii/Typhoid,"typhoid fever","typhoid or enteric fever","typhoid"
http://id.lincsproject.ca/ii/Typhus,"typhus"
http://id.lincsproject.ca/ii/Unspecified_Unknown_Cause_of_Death,"Her cause of death is unknown","a long illness","decay of nature","decline","destitution","exquisite sensibility; poverty","general ill-health","long illness","old age","same illness that William had died from","severe illness","sudden illness","undisclosed illness","unknown causes"