ORLANDO TERM,Possible URI,Possible URI #2
"software, multimedia",http://sparql.cwrc.ca/ontologies/genre#multimedia,
à clef,http://sparql.cwrc.ca/ontologies/genre#aClef,
abridgement,http://sparql.cwrc.ca/ontologies/genre#abridgement,
academic writing,http://sparql.cwrc.ca/ontologies/genre#scholarlyWriting,
account book,http://sparql.cwrc.ca/ontologies/genre#accountBook,
accountbook,http://sparql.cwrc.ca/ontologies/genre#accountBook,
aclef,http://sparql.cwrc.ca/ontologies/genre#aClef,
acrostic,http://sparql.cwrc.ca/ontologies/genre#acrostic,
adaptation,http://sparql.cwrc.ca/ontologies/genre#adaptation,
administrative decision,http://sparql.cwrc.ca/ontologies/genre#administrativeDecision,
administrativedecision,http://sparql.cwrc.ca/ontologies/genre#administrativeDecision,
adventure writing,http://sparql.cwrc.ca/ontologies/genre#adventureWriting,
adventurewriting,http://sparql.cwrc.ca/ontologies/genre#adventureWriting,
advertisement form,http://sparql.cwrc.ca/ontologies/genre#AdvertisementForm,
advertisement,http://sparql.cwrc.ca/ontologies/genre#advertisement,
advertisementform,http://sparql.cwrc.ca/ontologies/genre#AdvertisementForm,
advertising copy,http://sparql.cwrc.ca/ontologies/genre#AdvertisementForm,
advertisingcopy,http://sparql.cwrc.ca/ontologies/genre#AdvertisementForm,
afterpiece,http://sparql.cwrc.ca/ontologies/genre#afterpiece,
afterword,http://sparql.cwrc.ca/ontologies/genre#afterword,
agitprop,http://sparql.cwrc.ca/ontologies/genre#agitprop,
allegory,http://sparql.cwrc.ca/ontologies/genre#allegory,
almanac,http://sparql.cwrc.ca/ontologies/genre#almanac,
alphabet form,http://sparql.cwrc.ca/ontologies/genre#AlphabetForm,
alphabet,http://sparql.cwrc.ca/ontologies/genre#alphabet,
alphabetform,http://sparql.cwrc.ca/ontologies/genre#AlphabetForm,
anacreontic,http://sparql.cwrc.ca/ontologies/genre#anacreontic,
anagram,http://sparql.cwrc.ca/ontologies/genre#anagram,
animal story,http://sparql.cwrc.ca/ontologies/genre#animalStory,
animalstory,http://sparql.cwrc.ca/ontologies/genre#animalStory,
animation,http://sparql.cwrc.ca/ontologies/genre#animation,
annotation,http://sparql.cwrc.ca/ontologies/genre#annotation,
announcement,http://sparql.cwrc.ca/ontologies/genre#announcement,
answer,http://sparql.cwrc.ca/ontologies/genre#answer,
anthem,http://sparql.cwrc.ca/ontologies/genre#anthem,
anthology,http://sparql.cwrc.ca/ontologies/genre#anthology,
anti-romance,http://sparql.cwrc.ca/ontologies/genre#antiromance,
antiromance,http://sparql.cwrc.ca/ontologies/genre#antiromance,
aphorism,http://sparql.cwrc.ca/ontologies/genre#aphorism,
apology,http://sparql.cwrc.ca/ontologies/genre#apology,
appendix,http://sparql.cwrc.ca/ontologies/genre#appendix,
architectural writing,http://sparql.cwrc.ca/ontologies/genre#architecturalWriting,
architecturalwriting,http://sparql.cwrc.ca/ontologies/genre#architecturalWriting,
architecture,http://sparql.cwrc.ca/ontologies/genre#architecturalWriting,
archival material,http://sparql.cwrc.ca/ontologies/genre#archivalMaterial,
archivalmaterial,http://sparql.cwrc.ca/ontologies/genre#archivalMaterial,
art criticism,http://sparql.cwrc.ca/ontologies/genre#artCriticism,
artcriticism,http://sparql.cwrc.ca/ontologies/genre#artCriticism,
artist's book,http://sparql.cwrc.ca/ontologies/genre#artistsBook,
artistsbook,http://sparql.cwrc.ca/ontologies/genre#artistsBook,
atlas,http://sparql.cwrc.ca/ontologies/genre#atlas,
auditory medium,http://sparql.cwrc.ca/ontologies/genre#AuditoryMedium,
auditorymedium,http://sparql.cwrc.ca/ontologies/genre#AuditoryMedium,
autobiographical genre,http://sparql.cwrc.ca/ontologies/genre#AutobiographicalGenre,
autobiographicalgenre,http://sparql.cwrc.ca/ontologies/genre#AutobiographicalGenre,
autobiography,http://sparql.cwrc.ca/ontologies/genre#autobiography,
ballad opera,http://sparql.cwrc.ca/ontologies/genre#balladOpera,
ballad,http://sparql.cwrc.ca/ontologies/genre#ballad,
ballade,http://sparql.cwrc.ca/ontologies/genre#ballade,
balladopera,http://sparql.cwrc.ca/ontologies/genre#balladOpera,
ballet,http://sparql.cwrc.ca/ontologies/genre#ballet,
bergamasque,http://sparql.cwrc.ca/ontologies/genre#bergamasque,
bestiary,http://sparql.cwrc.ca/ontologies/genre#bestiary,
biblical paraphrase,http://sparql.cwrc.ca/ontologies/genre#biblicalParaphrase,
biblicalparaphrase,http://sparql.cwrc.ca/ontologies/genre#biblicalParaphrase,
bibliographic record,http://sparql.cwrc.ca/ontologies/genre#bibliographicRecord,
bibliographicrecord,http://sparql.cwrc.ca/ontologies/genre#bibliographicRecord,
bibliography,http://sparql.cwrc.ca/ontologies/genre#bibliography,
bildungsroman,http://sparql.cwrc.ca/ontologies/genre#bildungsroman,
biographical dictionary,http://sparql.cwrc.ca/ontologies/genre#biographicalDictionary,
biographicaldictionary,http://sparql.cwrc.ca/ontologies/genre#biographicalDictionary,
biography,http://sparql.cwrc.ca/ontologies/genre#biography,
bisexual fiction,http://sparql.cwrc.ca/ontologies/genre#bisexualFiction,
bisexualfiction,http://sparql.cwrc.ca/ontologies/genre#bisexualFiction,
black comedy,http://sparql.cwrc.ca/ontologies/genre#blackComedy,
blackcomedy,http://sparql.cwrc.ca/ontologies/genre#blackComedy,
book chapter,http://sparql.cwrc.ca/ontologies/genre#chapter,
book series,http://sparql.cwrc.ca/ontologies/genre#bookSeries,
book,http://sparql.cwrc.ca/ontologies/genre#book,
book/standalone work,http://sparql.cwrc.ca/ontologies/genre#BookForm,
bookform,http://sparql.cwrc.ca/ontologies/genre#BookForm,
bookseries,http://sparql.cwrc.ca/ontologies/genre#bookSeries,
born digital,http://sparql.cwrc.ca/ontologies/genre#bornDigital,
borndigital,http://sparql.cwrc.ca/ontologies/genre#bornDigital,
bouts-rimés,http://sparql.cwrc.ca/ontologies/genre#boutsRimes,
boutsrimes,http://sparql.cwrc.ca/ontologies/genre#boutsRimes,
broadside,http://sparql.cwrc.ca/ontologies/genre#broadside,
burletta,http://sparql.cwrc.ca/ontologies/genre#burletta,
business,http://sparql.cwrc.ca/ontologies/genre#business,
cabaret,http://sparql.cwrc.ca/ontologies/genre#cabaret,
calendar form,http://sparql.cwrc.ca/ontologies/genre#CalendarForm,
calendar,http://sparql.cwrc.ca/ontologies/genre#calendar,
calendarform,http://sparql.cwrc.ca/ontologies/genre#CalendarForm,
camp,http://sparql.cwrc.ca/ontologies/genre#camp,
captivity narrative,http://sparql.cwrc.ca/ontologies/genre#captivityNarrative,
captivitynarrative,http://sparql.cwrc.ca/ontologies/genre#captivityNarrative,
cartographic form,http://sparql.cwrc.ca/ontologies/genre#CartographicForm,
cartographic materials,http://sparql.cwrc.ca/ontologies/genre#cartographicMaterials,
cartographic,http://sparql.cwrc.ca/ontologies/genre#CartographicForm,
cartographicform,http://sparql.cwrc.ca/ontologies/genre#CartographicForm,
cartographicmaterials,http://sparql.cwrc.ca/ontologies/genre#cartographicMaterials,
catalog,http://sparql.cwrc.ca/ontologies/genre#catalogue,
catalogue form,http://sparql.cwrc.ca/ontologies/genre#CatalogueForm,
catalogue,http://sparql.cwrc.ca/ontologies/genre#catalogue,
catalogueform,http://sparql.cwrc.ca/ontologies/genre#CatalogueForm,
catechism,http://sparql.cwrc.ca/ontologies/genre#catechism,
cautionary tale,http://sparql.cwrc.ca/ontologies/genre#cautionaryTale,
cautionarytale,http://sparql.cwrc.ca/ontologies/genre#cautionaryTale,
chapbook,http://sparql.cwrc.ca/ontologies/genre#chapbook,
chapter,http://sparql.cwrc.ca/ontologies/genre#chapter,
character sketch,http://sparql.cwrc.ca/ontologies/genre#characterSketch,
character,http://sparql.cwrc.ca/ontologies/genre#characterSketch,
charactersketch,http://sparql.cwrc.ca/ontologies/genre#characterSketch,
charade,http://sparql.cwrc.ca/ontologies/genre#charade,
children's book,http://sparql.cwrc.ca/ontologies/genre#childrensLiterature,
children's literature writing (genres),http://sparql.cwrc.ca/ontologies/genre#ChildrensLiteratureGenre,
childrens literature,http://sparql.cwrc.ca/ontologies/genre#childrensLiterature,
childrensliterature,http://sparql.cwrc.ca/ontologies/genre#childrensLiterature,
childrensliteraturegenre,http://sparql.cwrc.ca/ontologies/genre#ChildrensLiteratureGenre,
chronology,http://sparql.cwrc.ca/ontologies/genre#chronology,
church order,http://sparql.cwrc.ca/ontologies/genre#churchOrder,
churchorder,http://sparql.cwrc.ca/ontologies/genre#churchOrder,
clerihew,http://sparql.cwrc.ca/ontologies/genre#clerihew,
closet drama,http://sparql.cwrc.ca/ontologies/genre#closetDrama,
closetdrama,http://sparql.cwrc.ca/ontologies/genre#closetDrama,
collection form,http://sparql.cwrc.ca/ontologies/genre#CollectionForm,
collection,http://sparql.cwrc.ca/ontologies/genre#collection,
collectionform,http://sparql.cwrc.ca/ontologies/genre#CollectionForm,
collective creation,http://sparql.cwrc.ca/ontologies/genre#collectiveCreation,
collectivecreation,http://sparql.cwrc.ca/ontologies/genre#collectiveCreation,
colouring book,http://sparql.cwrc.ca/ontologies/genre#colouringBook,
colouringbook,http://sparql.cwrc.ca/ontologies/genre#colouringBook,
column,http://sparql.cwrc.ca/ontologies/genre#column,
comedic genre,http://sparql.cwrc.ca/ontologies/genre#ComedicGenre,
comedicgenre,http://sparql.cwrc.ca/ontologies/genre#ComedicGenre,
comedy of humours,http://sparql.cwrc.ca/ontologies/genre#comedyOfHumours,
comedy of intrigue,http://sparql.cwrc.ca/ontologies/genre#comedyOfIntrigue,
comedy of manners,http://sparql.cwrc.ca/ontologies/genre#comedyOfManners,
comedy of menace,http://sparql.cwrc.ca/ontologies/genre#comedyOfMenace,
comedy,http://sparql.cwrc.ca/ontologies/genre#comedy,
comedyofhumours,http://sparql.cwrc.ca/ontologies/genre#comedyOfHumours,
comedyofintrigue,http://sparql.cwrc.ca/ontologies/genre#comedyOfIntrigue,
comedyofmanners,http://sparql.cwrc.ca/ontologies/genre#comedyOfManners,
comedyofmenace,http://sparql.cwrc.ca/ontologies/genre#comedyOfMenace,
comic,http://sparql.cwrc.ca/ontologies/genre#comicbook,
comicbook,http://sparql.cwrc.ca/ontologies/genre#comicbook,
coming out,http://sparql.cwrc.ca/ontologies/genre#comingOut,
comingout,http://sparql.cwrc.ca/ontologies/genre#comingOut,
commentary,http://sparql.cwrc.ca/ontologies/genre#commentary,
commonplace book,http://sparql.cwrc.ca/ontologies/genre#commonplaceBook,
commonplacebook,http://sparql.cwrc.ca/ontologies/genre#commonplaceBook,
companion,http://sparql.cwrc.ca/ontologies/genre#manual,
computer program,http://sparql.cwrc.ca/ontologies/genre#computerProgram,
computerprogram,http://sparql.cwrc.ca/ontologies/genre#computerProgram,
condition of england novel,http://sparql.cwrc.ca/ontologies/genre#conditionOfEnglandNovel,
conditionofenglandnovel,http://sparql.cwrc.ca/ontologies/genre#conditionOfEnglandNovel,
conduct literature,http://sparql.cwrc.ca/ontologies/genre#conductLiterature,
conductliterature,http://sparql.cwrc.ca/ontologies/genre#conductLiterature,
conversion narrative,http://sparql.cwrc.ca/ontologies/genre#conversionNarrative,
conversionnarrative,http://sparql.cwrc.ca/ontologies/genre#conversionNarrative,
cookbook,http://sparql.cwrc.ca/ontologies/genre#cookbook,
correspondence,http://sparql.cwrc.ca/ontologies/genre#letter,
costume drama,http://sparql.cwrc.ca/ontologies/genre#costumeDrama,
costumedrama,http://sparql.cwrc.ca/ontologies/genre#costumeDrama,
court decision,http://sparql.cwrc.ca/ontologies/genre#courtDecision,
courtdecision,http://sparql.cwrc.ca/ontologies/genre#courtDecision,
courtship fiction,http://sparql.cwrc.ca/ontologies/genre#courtshipFiction,
courtshipfiction,http://sparql.cwrc.ca/ontologies/genre#courtshipFiction,
criminology,http://sparql.cwrc.ca/ontologies/genre#criminology,
criticism,http://sparql.cwrc.ca/ontologies/genre#criticism,
dance,http://sparql.cwrc.ca/ontologies/genre#dance,
datasetdefinition,http://sparql.cwrc.ca/ontologies/genre#datasetdefinition,
dedication,http://sparql.cwrc.ca/ontologies/genre#dedication,
detective novel,http://sparql.cwrc.ca/ontologies/genre#detective,
detective,http://sparql.cwrc.ca/ontologies/genre#detective,
devotional,http://sparql.cwrc.ca/ontologies/genre#devotional,
dialogue of the dead,http://sparql.cwrc.ca/ontologies/genre#dialogueOfTheDead,
dialogue or debate genre,http://sparql.cwrc.ca/ontologies/genre#DialogueOrDebateGenre,
dialogue or debate,http://sparql.cwrc.ca/ontologies/genre#dialogueOrDebate,
dialogueofthedead,http://sparql.cwrc.ca/ontologies/genre#dialogueOfTheDead,
dialogueordebate,http://sparql.cwrc.ca/ontologies/genre#dialogueOrDebate,
dialogueordebategenre,http://sparql.cwrc.ca/ontologies/genre#DialogueOrDebateGenre,
diary,http://sparql.cwrc.ca/ontologies/genre#diary,
diaspora,http://sparql.cwrc.ca/ontologies/genre#diasporic,
diasporic,http://sparql.cwrc.ca/ontologies/genre#diasporic,
dictionary,http://sparql.cwrc.ca/ontologies/genre#dictionary,
didactic writing,http://sparql.cwrc.ca/ontologies/genre#DidacticGenre,
didactic,http://sparql.cwrc.ca/ontologies/genre#didactic,
didacticgenre,http://sparql.cwrc.ca/ontologies/genre#DidacticGenre,
digital medium,http://sparql.cwrc.ca/ontologies/genre#DigitalMedium,
digital,http://sparql.cwrc.ca/ontologies/genre#digital,
digitalmedium,http://sparql.cwrc.ca/ontologies/genre#DigitalMedium,
directory,http://sparql.cwrc.ca/ontologies/genre#directory,
dissertation,http://sparql.cwrc.ca/ontologies/genre#dissertation,
document,http://sparql.cwrc.ca/ontologies/genre#document,
documentary,http://sparql.cwrc.ca/ontologies/genre#documentary,
domestic,http://sparql.cwrc.ca/ontologies/genre#domestic,
drama,http://sparql.cwrc.ca/ontologies/genre#drama,
dramatic monologue,http://sparql.cwrc.ca/ontologies/genre#dramaticMonologue,
dramatic writing (genres),http://sparql.cwrc.ca/ontologies/genre#DramaticGenre,
dramatic,http://sparql.cwrc.ca/ontologies/genre#drama,
dramaticgenre,http://sparql.cwrc.ca/ontologies/genre#DramaticGenre,
dramaticmonologue,http://sparql.cwrc.ca/ontologies/genre#dramaticMonologue,
drawing,http://sparql.cwrc.ca/ontologies/genre#drawing,
dream vision,http://sparql.cwrc.ca/ontologies/genre#dreamVision,
dreamvision,http://sparql.cwrc.ca/ontologies/genre#dreamVision,
dub,http://sparql.cwrc.ca/ontologies/genre#dub,
dystopia,http://sparql.cwrc.ca/ontologies/genre#dystopia,
eclogue,http://sparql.cwrc.ca/ontologies/genre#eclogue,
editing,http://sparql.cwrc.ca/ontologies/genre#editorialWork,
editorial work,http://sparql.cwrc.ca/ontologies/genre#editorialWork,
editorialwork,http://sparql.cwrc.ca/ontologies/genre#editorialWork,
educational writing (genres),http://sparql.cwrc.ca/ontologies/genre#PedagogicalGenre,
elegy,http://sparql.cwrc.ca/ontologies/genre#elegy,
embedded/partial work,http://sparql.cwrc.ca/ontologies/genre#EmbeddedWork,
embeddedwork,http://sparql.cwrc.ca/ontologies/genre#EmbeddedWork,
encyclopaedia,http://sparql.cwrc.ca/ontologies/genre#encyclopaedia,
environmental,http://sparql.cwrc.ca/ontologies/genre#environmental,
ephemera,http://sparql.cwrc.ca/ontologies/genre#ephemera,
epic theatre,http://sparql.cwrc.ca/ontologies/genre#epicTheatre,
epic,http://sparql.cwrc.ca/ontologies/genre#epic,
epictheatre,http://sparql.cwrc.ca/ontologies/genre#epicTheatre,
epigram,http://sparql.cwrc.ca/ontologies/genre#epigram,
epilogue,http://sparql.cwrc.ca/ontologies/genre#epilogue,
episodic literature,http://sparql.cwrc.ca/ontologies/genre#episodicLiterature,
episodicliterature,http://sparql.cwrc.ca/ontologies/genre#episodicLiterature,
epistle,http://sparql.cwrc.ca/ontologies/genre#epistle,
epistolary genre,http://sparql.cwrc.ca/ontologies/genre#EpistolaryGenre,
epistolary,http://sparql.cwrc.ca/ontologies/genre#epistolary,
epistolarygenre,http://sparql.cwrc.ca/ontologies/genre#EpistolaryGenre,
epitaph,http://sparql.cwrc.ca/ontologies/genre#epitaph,
epithalamium,http://sparql.cwrc.ca/ontologies/genre#epithalamium,
epyllion,http://sparql.cwrc.ca/ontologies/genre#epyllion,
erotica or pornography,http://sparql.cwrc.ca/ontologies/genre#eroticaOrPornography,
erotica,http://sparql.cwrc.ca/ontologies/genre#erotica,
eroticaorpornography,http://sparql.cwrc.ca/ontologies/genre#eroticaOrPornography,
eroticapornography,http://sparql.cwrc.ca/ontologies/genre#eroticaOrPornography,
essais,http://sparql.cwrc.ca/ontologies/genre#NonFictionalGenre,http://sparql.cwrc.ca/ontologies/genre#InformationalGenre
essay,http://sparql.cwrc.ca/ontologies/genre#essay,
eulogy,http://sparql.cwrc.ca/ontologies/genre#eulogy,
exhibition catalogue,http://sparql.cwrc.ca/ontologies/genre#exhibitionCatalogue,
exhibitioncatalogue,http://sparql.cwrc.ca/ontologies/genre#exhibitionCatalogue,
exploration,http://sparql.cwrc.ca/ontologies/genre#exploration,
eye-witness,http://sparql.cwrc.ca/ontologies/genre#eyeWitness,
eyewitness,http://sparql.cwrc.ca/ontologies/genre#eyeWitness,
fable,http://sparql.cwrc.ca/ontologies/genre#fable,
fabliau,http://sparql.cwrc.ca/ontologies/genre#fabliau,
fairytale,http://sparql.cwrc.ca/ontologies/genre#fairytale,
fantasy,http://sparql.cwrc.ca/ontologies/genre#fantasy,
farce,http://sparql.cwrc.ca/ontologies/genre#farce,
fascicle,http://sparql.cwrc.ca/ontologies/genre#fascicle,
feminist genre,http://sparql.cwrc.ca/ontologies/genre#FeministGenre,
feminist theory,http://sparql.cwrc.ca/ontologies/genre#feministTheory,
feminist,http://sparql.cwrc.ca/ontologies/genre#feminist,
feministgenre,http://sparql.cwrc.ca/ontologies/genre#FeministGenre,
feministtheory,http://sparql.cwrc.ca/ontologies/genre#feministTheory,
fiction,http://sparql.cwrc.ca/ontologies/genre#fiction,
fictional genre,http://sparql.cwrc.ca/ontologies/genre#FictionalGenre,
fictional,http://sparql.cwrc.ca/ontologies/genre#fiction,
fictionalgenre,http://sparql.cwrc.ca/ontologies/genre#FictionalGenre,
film or TV script,http://sparql.cwrc.ca/ontologies/genre#filmTvScript,
film script,http://sparql.cwrc.ca/ontologies/genre#filmScript,
film,http://sparql.cwrc.ca/ontologies/genre#film,
filmscript,http://sparql.cwrc.ca/ontologies/genre#filmScript,
filmtvscript,http://sparql.cwrc.ca/ontologies/genre#filmTvScript,
financial records genre,http://sparql.cwrc.ca/ontologies/genre#FinancialRecordsGenre,
financialrecordsgenre,http://sparql.cwrc.ca/ontologies/genre#FinancialRecordsGenre,
folk song,http://sparql.cwrc.ca/ontologies/genre#folkSong,
folk tale,http://sparql.cwrc.ca/ontologies/genre#folkTale,
folklore,http://sparql.cwrc.ca/ontologies/genre#folkTale,
folksong,http://sparql.cwrc.ca/ontologies/genre#folkSong,
folktale,http://sparql.cwrc.ca/ontologies/genre#folkTale,
folktale,http://sparql.cwrc.ca/ontologies/genre#legend,
form genre,http://sparql.cwrc.ca/ontologies/genre#Form,
form of,http://sparql.cwrc.ca/ontologies/genre#formOf,
form,http://sparql.cwrc.ca/ontologies/genre#Form,
formof,http://sparql.cwrc.ca/ontologies/genre#formOf,
free verse,http://sparql.cwrc.ca/ontologies/genre#freeVerse,
freeverse,http://sparql.cwrc.ca/ontologies/genre#freeVerse,
gardening writing,http://sparql.cwrc.ca/ontologies/genre#gardening,
gardening,http://sparql.cwrc.ca/ontologies/genre#gardening,
gardeningbook,http://sparql.cwrc.ca/ontologies/genre#gardening,
genealogy,http://sparql.cwrc.ca/ontologies/genre#genealogy,
genre of,http://sparql.cwrc.ca/ontologies/genre#genreOf,
genre,http://sparql.cwrc.ca/ontologies/genre#Genre,
genreof,http://sparql.cwrc.ca/ontologies/genre#genreOf,
georgic,http://sparql.cwrc.ca/ontologies/genre#georgic,
ghost story,http://sparql.cwrc.ca/ontologies/genre#ghostStory,
ghoststory,http://sparql.cwrc.ca/ontologies/genre#ghostStory,
giftbook,http://sparql.cwrc.ca/ontologies/genre#giftbook,
gothic,http://sparql.cwrc.ca/ontologies/genre#gothic,
government records genre,http://sparql.cwrc.ca/ontologies/genre#GovernmentRecordsGenre,
government report,http://sparql.cwrc.ca/ontologies/genre#governmentReport,
governmentrecordsgenre,http://sparql.cwrc.ca/ontologies/genre#GovernmentRecordsGenre,
governmentreport,http://sparql.cwrc.ca/ontologies/genre#governmentReport,
grammar,http://sparql.cwrc.ca/ontologies/genre#grammar,
graphic novel,http://sparql.cwrc.ca/ontologies/genre#graphicNovel,
graphicnovel,http://sparql.cwrc.ca/ontologies/genre#graphicNovel,
graveyard poetry,http://sparql.cwrc.ca/ontologies/genre#graveyardPoetry,
graveyardpoetry,http://sparql.cwrc.ca/ontologies/genre#graveyardPoetry,
guerilla theatre,http://sparql.cwrc.ca/ontologies/genre#guerillaTheatre,
guerillatheatre,http://sparql.cwrc.ca/ontologies/genre#guerillaTheatre,
guidebook,http://sparql.cwrc.ca/ontologies/genre#guidebook,
hagiography,http://sparql.cwrc.ca/ontologies/genre#hagiography,
haiku,http://sparql.cwrc.ca/ontologies/genre#haiku,
harlequinade,http://sparql.cwrc.ca/ontologies/genre#harlequinade,
has form,http://sparql.cwrc.ca/ontologies/genre#hasForm,
has genre,http://sparql.cwrc.ca/ontologies/genre#hasGenre,
has medium,http://sparql.cwrc.ca/ontologies/genre#hasMedium,
hasform,http://sparql.cwrc.ca/ontologies/genre#hasForm,
hasgenre,http://sparql.cwrc.ca/ontologies/genre#hasGenre,
hasmedium,http://sparql.cwrc.ca/ontologies/genre#hasMedium,
heroic,http://sparql.cwrc.ca/ontologies/genre#heroic,
histoire (genres),http://sparql.cwrc.ca/ontologies/genre#History,
historical genre,http://sparql.cwrc.ca/ontologies/genre#HistoricalGenre,
historical overview,http://sparql.cwrc.ca/ontologies/genre#historicalOverview,
historical writing,http://sparql.cwrc.ca/ontologies/genre#historicalWriting,
historical,http://sparql.cwrc.ca/ontologies/genre#historicalWriting,
historicalgenre,http://sparql.cwrc.ca/ontologies/genre#HistoricalGenre,
historicaloverview,http://sparql.cwrc.ca/ontologies/genre#historicalOverview,
historicalwriting,http://sparql.cwrc.ca/ontologies/genre#historicalWriting,
history (genres),http://sparql.cwrc.ca/ontologies/genre#History,
history,http://sparql.cwrc.ca/ontologies/genre#History,
history,http://sparql.cwrc.ca/ontologies/genre#history,
hymn,http://sparql.cwrc.ca/ontologies/genre#hymn,
illustrated form,http://sparql.cwrc.ca/ontologies/genre#IllustratedForm,
illustrated,http://sparql.cwrc.ca/ontologies/genre#illustrated,
illustratedform,http://sparql.cwrc.ca/ontologies/genre#IllustratedForm,
imitation,http://sparql.cwrc.ca/ontologies/genre#imitation,
immigration writing,http://sparql.cwrc.ca/ontologies/genre#migration,
improvisation,http://sparql.cwrc.ca/ontologies/genre#improvisation,
index,http://sparql.cwrc.ca/ontologies/genre#index,
industrial novel,http://sparql.cwrc.ca/ontologies/genre#industrialNovel,
industrialnovel,http://sparql.cwrc.ca/ontologies/genre#industrialNovel,
informational writing (genres),http://sparql.cwrc.ca/ontologies/genre#InformationalGenre,
informational writing,http://sparql.cwrc.ca/ontologies/genre#informationalWriting,
informationalgenre,http://sparql.cwrc.ca/ontologies/genre#InformationalGenre,
informationalwriting,http://sparql.cwrc.ca/ontologies/genre#informationalWriting,
instructional text,http://sparql.cwrc.ca/ontologies/genre#instructionalText,
instructionaltext,http://sparql.cwrc.ca/ontologies/genre#instructionalText,
intertextual writing (genres),http://sparql.cwrc.ca/ontologies/genre#IntertextualGenre,
intertextualgenre,http://sparql.cwrc.ca/ontologies/genre#IntertextualGenre,
interview,http://sparql.cwrc.ca/ontologies/genre#interview,
introduction,http://sparql.cwrc.ca/ontologies/genre#introduction,
journal form,http://sparql.cwrc.ca/ontologies/genre#JournalForm,
journal,http://sparql.cwrc.ca/ontologies/genre#journal,
journalform,http://sparql.cwrc.ca/ontologies/genre#JournalForm,
journalism and writings,http://sparql.cwrc.ca/ontologies/genre#journalism,
journalism,http://sparql.cwrc.ca/ontologies/genre#journalism,
journalistic writing (genres),http://sparql.cwrc.ca/ontologies/genre#JournalisticGenre,
journalistic,http://sparql.cwrc.ca/ontologies/genre#journalism,
journalisticgenre,http://sparql.cwrc.ca/ontologies/genre#JournalisticGenre,
juvenile,http://sparql.cwrc.ca/ontologies/genre#juvenile,
juvenilia,http://sparql.cwrc.ca/ontologies/genre#juvenilia,
kitchen sink drama,http://sparql.cwrc.ca/ontologies/genre#kitchenSinkDrama,
kitchensinkdrama,http://sparql.cwrc.ca/ontologies/genre#kitchenSinkDrama,
kunstlerroman,http://sparql.cwrc.ca/ontologies/genre#kunstlerroman,
lais,http://sparql.cwrc.ca/ontologies/genre#lais,
lampoon,http://sparql.cwrc.ca/ontologies/genre#lampoon,
lecture,http://sparql.cwrc.ca/ontologies/genre#lecture,
legal documents genre,http://sparql.cwrc.ca/ontologies/genre#LegalDocumentsGenre,
legal instrument,http://sparql.cwrc.ca/ontologies/genre#legalInstrument,
legal writing (genres),http://sparql.cwrc.ca/ontologies/genre#LegalWritingGenre,
legal writing,http://sparql.cwrc.ca/ontologies/genre#legalWriting,
legaldocumentsgenre,http://sparql.cwrc.ca/ontologies/genre#LegalDocumentsGenre,
legalinstrument,http://sparql.cwrc.ca/ontologies/genre#legalInstrument,
legalwriting,http://sparql.cwrc.ca/ontologies/genre#legalWriting,
legalwritinggenre,http://sparql.cwrc.ca/ontologies/genre#LegalWritingGenre,
legend folktale,http://sparql.cwrc.ca/ontologies/genre#legendFolktale,
legend,http://sparql.cwrc.ca/ontologies/genre#legend,
legendfolktale,http://sparql.cwrc.ca/ontologies/genre#legendFolktale,
lesbian,http://sparql.cwrc.ca/ontologies/genre#lesbian,
lesbianWriting,http://sparql.cwrc.ca/ontologies/genre#lesbian,
letter,http://sparql.cwrc.ca/ontologies/genre#letter,
letters from the dead to the living,http://sparql.cwrc.ca/ontologies/genre#lettersFromTheDeadToTheLiving,
lettersfromthedeadtotheliving,http://sparql.cwrc.ca/ontologies/genre#lettersFromTheDeadToTheLiving,
lgbtq,http://sparql.cwrc.ca/ontologies/genre#lgbtq,
lgbtq+ (genres),http://sparql.cwrc.ca/ontologies/genre#LGBTQPlusGenre,
lgbtqplusgenre,http://sparql.cwrc.ca/ontologies/genre#LGBTQPlusGenre,
libretto,http://sparql.cwrc.ca/ontologies/genre#libretto,
life writing (genres),http://sparql.cwrc.ca/ontologies/genre#LifeWritingGenre,
life writing,http://sparql.cwrc.ca/ontologies/genre#lifeWriting,
lifewriting,http://sparql.cwrc.ca/ontologies/genre#lifeWriting,
lifewritinggenre,http://sparql.cwrc.ca/ontologies/genre#LifeWritingGenre,
literary critical writing (genres),http://sparql.cwrc.ca/ontologies/genre#LiteraryCriticalGenre,
literary criticism,http://sparql.cwrc.ca/ontologies/genre#literaryCriticism,
literary genre,http://sparql.cwrc.ca/ontologies/genre#LiteraryGenre,
literary historical genres,http://sparql.cwrc.ca/ontologies/genre#LiteraryHistoricalGenre,
literary romance,http://sparql.cwrc.ca/ontologies/genre#romance,
literarycriticalgenre,http://sparql.cwrc.ca/ontologies/genre#LiteraryCriticalGenre,
literarycriticism,http://sparql.cwrc.ca/ontologies/genre#literaryCriticism,
literarygenre,http://sparql.cwrc.ca/ontologies/genre#LiteraryGenre,
literaryhistoricalgenre,http://sparql.cwrc.ca/ontologies/genre#LiteraryHistoricalGenre,
liturgy,http://sparql.cwrc.ca/ontologies/genre#liturgy,
local history,http://sparql.cwrc.ca/ontologies/genre#localHistory,
localhistory,http://sparql.cwrc.ca/ontologies/genre#localHistory,
long poem,http://sparql.cwrc.ca/ontologies/genre#longPoem,
longpoem,http://sparql.cwrc.ca/ontologies/genre#longPoem,
loose-leaf,http://sparql.cwrc.ca/ontologies/genre#looseLeaf,
looseleaf,http://sparql.cwrc.ca/ontologies/genre#looseLeaf,
love,http://sparql.cwrc.ca/ontologies/genre#love,
lullaby,http://sparql.cwrc.ca/ontologies/genre#lullaby,
lyric,http://sparql.cwrc.ca/ontologies/genre#lyric,
m,http://sparql.cwrc.ca/ontologies/genre#M,
m.a. research paper,http://sparql.cwrc.ca/ontologies/genre#M.A.ResearchPaper,
m.a. thesis,http://sparql.cwrc.ca/ontologies/genre#maThesis,
magic realist,http://sparql.cwrc.ca/ontologies/genre#magicRealist,
magicrealist,http://sparql.cwrc.ca/ontologies/genre#magicRealist,
manifesto,http://sparql.cwrc.ca/ontologies/genre#manifesto,
manual,http://sparql.cwrc.ca/ontologies/genre#manual,
manuscript,http://sparql.cwrc.ca/ontologies/genre#manuscript,
map,http://sparql.cwrc.ca/ontologies/genre#map,
masque,http://sparql.cwrc.ca/ontologies/genre#masque,
mathesis,http://sparql.cwrc.ca/ontologies/genre#maThesis,
medical writing,http://sparql.cwrc.ca/ontologies/genre#medicalWriting,
medicalwriting,http://sparql.cwrc.ca/ontologies/genre#medicalWriting,
medium of,http://sparql.cwrc.ca/ontologies/genre#mediumOf,
medium,http://sparql.cwrc.ca/ontologies/genre#Medium,
mediumof,http://sparql.cwrc.ca/ontologies/genre#mediumOf,
melodrama,http://sparql.cwrc.ca/ontologies/genre#melodrama,
members of the orlando project,http://sparql.cwrc.ca/ontologies/cwrc#originalOrlandoAuthor,
memoir,http://sparql.cwrc.ca/ontologies/genre#memoir,
microform,http://sparql.cwrc.ca/ontologies/genre#microform,
migration,http://sparql.cwrc.ca/ontologies/genre#migration,
military,http://sparql.cwrc.ca/ontologies/genre#military,
mimeograph,http://sparql.cwrc.ca/ontologies/genre#mimeograph,
mixed materials,http://sparql.cwrc.ca/ontologies/genre#mixedMaterials,
mixed media,http://sparql.cwrc.ca/ontologies/genre#multimedia,
mixedmaterials,http://sparql.cwrc.ca/ontologies/genre#mixedMaterials,
mixedmedia,http://sparql.cwrc.ca/ontologies/genre#multimedia,
mock forms,http://sparql.cwrc.ca/ontologies/genre#mockForms,
mockforms,http://sparql.cwrc.ca/ontologies/genre#mockForms,
monologue,http://sparql.cwrc.ca/ontologies/genre#monologue,
morality or mystery play,http://sparql.cwrc.ca/ontologies/genre#moralityOrMysteryPlay,
moralitymysteryplay,http://sparql.cwrc.ca/ontologies/genre#moralityOrMysteryPlay,
moralityormysteryplay,http://sparql.cwrc.ca/ontologies/genre#moralityOrMysteryPlay,
moving medium,http://sparql.cwrc.ca/ontologies/genre#MovingMedium,
movingmedium,http://sparql.cwrc.ca/ontologies/genre#MovingMedium,
multimedia,http://sparql.cwrc.ca/ontologies/genre#multimedia,
municipal ordinance,http://sparql.cwrc.ca/ontologies/genre#municipalOrdinance,
municipalordinance,http://sparql.cwrc.ca/ontologies/genre#municipalOrdinance,
music,http://sparql.cwrc.ca/ontologies/genre#music,
musical genre,http://sparql.cwrc.ca/ontologies/genre#MusicalGenre,
musical notation form,http://sparql.cwrc.ca/ontologies/genre#MusicalNotationForm,
musical score,http://sparql.cwrc.ca/ontologies/genre#notatedMusic,
musical verse,http://sparql.cwrc.ca/ontologies/genre#musicalWriting,
musical writing (genres),http://sparql.cwrc.ca/ontologies/genre#MusicalGenre,
musical writing,http://sparql.cwrc.ca/ontologies/genre#musicalWriting,
musicalgenre,http://sparql.cwrc.ca/ontologies/genre#MusicalGenre,
musicalnotationform,http://sparql.cwrc.ca/ontologies/genre#MusicalNotationForm,
musicalwriting,http://sparql.cwrc.ca/ontologies/genre#musicalWriting,
musicology,http://sparql.cwrc.ca/ontologies/genre#musicology,
mystery genre,http://sparql.cwrc.ca/ontologies/genre#MysteryGenre,
mystery,http://sparql.cwrc.ca/ontologies/genre#mystery,
mysterygenre,http://sparql.cwrc.ca/ontologies/genre#MysteryGenre,
myth,http://sparql.cwrc.ca/ontologies/genre#myth,
narrative genre,http://sparql.cwrc.ca/ontologies/genre#NarrativeGenre,
narrative poetry,http://sparql.cwrc.ca/ontologies/genre#narrativePoetry,
narrativegenre,http://sparql.cwrc.ca/ontologies/genre#NarrativeGenre,
narrativepoetry,http://sparql.cwrc.ca/ontologies/genre#narrativePoetry,
national tale,http://sparql.cwrc.ca/ontologies/genre#nationalTale,
nationalist,http://sparql.cwrc.ca/ontologies/genre#nationalist,
nationalistfiction,http://sparql.cwrc.ca/ontologies/genre#nationalist,http://sparql.cwrc.ca/ontologies/genre#fiction
nationaltale,http://sparql.cwrc.ca/ontologies/genre#nationalTale,
newspaper,http://sparql.cwrc.ca/ontologies/genre#newspaper,
non-fiction (genres),http://sparql.cwrc.ca/ontologies/genre#NonFictionalGenre,
non-fiction writing (genres),http://sparql.cwrc.ca/ontologies/genre#NonFictionalGenre,
non-fiction,http://sparql.cwrc.ca/ontologies/genre#nonFiction,
nonfiction,http://sparql.cwrc.ca/ontologies/genre#nonFiction,
nonfictionalgenre,http://sparql.cwrc.ca/ontologies/genre#NonFictionalGenre,
notated music,http://sparql.cwrc.ca/ontologies/genre#notatedMusic,
notatedmusic,http://sparql.cwrc.ca/ontologies/genre#notatedMusic,
notebook,http://sparql.cwrc.ca/ontologies/genre#notebook,
novel,http://sparql.cwrc.ca/ontologies/genre#novel,
novelistic genre,http://sparql.cwrc.ca/ontologies/genre#NovelisticGenre,
novelistic,http://sparql.cwrc.ca/ontologies/genre#NovelisticGenre,
novelisticgenre,http://sparql.cwrc.ca/ontologies/genre#NovelisticGenre,
novella,http://sparql.cwrc.ca/ontologies/genre#novella,
novelofsensibility,http://sparql.cwrc.ca/ontologies/genre#novelOfSensibility,
nursery rhyme,http://sparql.cwrc.ca/ontologies/genre#nurseryRhyme,
nurseryrhyme,http://sparql.cwrc.ca/ontologies/genre#nurseryRhyme,
obituary,http://sparql.cwrc.ca/ontologies/genre#obituary,
occasional poetry,http://sparql.cwrc.ca/ontologies/genre#occasionalPoetry,
occasionalpoetry,http://sparql.cwrc.ca/ontologies/genre#occasionalPoetry,
ode,http://sparql.cwrc.ca/ontologies/genre#ode,
offprint,http://sparql.cwrc.ca/ontologies/genre#offprint,
one-act-play,http://sparql.cwrc.ca/ontologies/genre#oneActPlay,
oneactplay,http://sparql.cwrc.ca/ontologies/genre#oneActPlay,
opera genre,http://sparql.cwrc.ca/ontologies/genre#OperaGenre,
opera,http://sparql.cwrc.ca/ontologies/genre#opera,
operagenre,http://sparql.cwrc.ca/ontologies/genre#OperaGenre,
operetta,http://sparql.cwrc.ca/ontologies/genre#operetta,
oral history,http://sparql.cwrc.ca/ontologies/genre#oralHistory,
oralhistory,http://sparql.cwrc.ca/ontologies/genre#oralHistory,
oratorio,http://sparql.cwrc.ca/ontologies/genre#oratorio,
oriental,http://sparql.cwrc.ca/ontologies/genre#orientalist,
orientalist,http://sparql.cwrc.ca/ontologies/genre#orientalist,
pageant,http://sparql.cwrc.ca/ontologies/genre#pageant,
painting,http://sparql.cwrc.ca/ontologies/genre#painting,
pamphlet,http://sparql.cwrc.ca/ontologies/genre#pamphlet,
panegyric,http://sparql.cwrc.ca/ontologies/genre#panegyric,
pantomime,http://sparql.cwrc.ca/ontologies/genre#pantomime,
parable,http://sparql.cwrc.ca/ontologies/genre#parable,
paranormal,http://sparql.cwrc.ca/ontologies/genre#paranormal,
paratext,http://sparql.cwrc.ca/ontologies/genre#paratext,
paratexts,http://sparql.cwrc.ca/ontologies/genre#paratext,
paratextual writing (genres),http://sparql.cwrc.ca/ontologies/genre#ParatextualGenre,
paratextualgenre,http://sparql.cwrc.ca/ontologies/genre#ParatextualGenre,
parliamentaryreport,http://sparql.cwrc.ca/ontologies/genre#governmentReport,
parody,http://sparql.cwrc.ca/ontologies/genre#parody,
part/excerpt,http://sparql.cwrc.ca/ontologies/genre#partExcerpt,
partexcerpt,http://sparql.cwrc.ca/ontologies/genre#partExcerpt,
partial/embedded work,http://sparql.cwrc.ca/ontologies/genre#PartialForm,
partialform,http://sparql.cwrc.ca/ontologies/genre#PartialForm,
passion play,http://sparql.cwrc.ca/ontologies/genre#passionPlay,
passionplay,http://sparql.cwrc.ca/ontologies/genre#passionPlay,
pastoral,http://sparql.cwrc.ca/ontologies/genre#pastoral,
pedagogicalgenre,http://sparql.cwrc.ca/ontologies/genre#PedagogicalGenre,
pedagogy,http://sparql.cwrc.ca/ontologies/genre#pedagogy,
performance medium,http://sparql.cwrc.ca/ontologies/genre#PerformanceMedium,
performance poetry,http://sparql.cwrc.ca/ontologies/genre#performancePoetry,
performance,http://sparql.cwrc.ca/ontologies/genre#performance,
performancemedium,http://sparql.cwrc.ca/ontologies/genre#PerformanceMedium,
performancepoetry,http://sparql.cwrc.ca/ontologies/genre#performancePoetry,
periodical feature,http://sparql.cwrc.ca/ontologies/genre#periodicalFeature,
periodical,http://sparql.cwrc.ca/ontologies/genre#SerialForm,
periodicalfeature,http://sparql.cwrc.ca/ontologies/genre#periodicalFeature,
petition,http://sparql.cwrc.ca/ontologies/genre#petition,
ph.d. dissertation,http://sparql.cwrc.ca/ontologies/genre#phdThesis,
ph.d. thesis,http://sparql.cwrc.ca/ontologies/genre#phdThesis,
phd thesis,http://sparql.cwrc.ca/ontologies/genre#phdThesis,
phdthesis,http://sparql.cwrc.ca/ontologies/genre#phdThesis,
philosophical genre,http://sparql.cwrc.ca/ontologies/genre#PhilosophicalGenre,
philosophical,http://sparql.cwrc.ca/ontologies/genre#philosophical,
philosophicalgenre,http://sparql.cwrc.ca/ontologies/genre#PhilosophicalGenre,
philosophy,http://sparql.cwrc.ca/ontologies/genre#philosophy,
photo essay,http://sparql.cwrc.ca/ontologies/genre#photoEssay,
photoessay,http://sparql.cwrc.ca/ontologies/genre#photoEssay,
photograph,http://sparql.cwrc.ca/ontologies/genre#photograph,
physical theatre,http://sparql.cwrc.ca/ontologies/genre#physicalTheatre,
physicaltheatre,http://sparql.cwrc.ca/ontologies/genre#physicalTheatre,
picaresque,http://sparql.cwrc.ca/ontologies/genre#picaresque,
picture book,http://sparql.cwrc.ca/ontologies/genre#illustrated,
pindaric,http://sparql.cwrc.ca/ontologies/genre#pindaric,
play script,http://sparql.cwrc.ca/ontologies/genre#playScript,
play,http://sparql.cwrc.ca/ontologies/genre#drama,
playscript,http://sparql.cwrc.ca/ontologies/genre#playScript,
poetic drama,http://sparql.cwrc.ca/ontologies/genre#poeticDrama,
poetic genre,http://sparql.cwrc.ca/ontologies/genre#PoeticGenre,
poeticdrama,http://sparql.cwrc.ca/ontologies/genre#poeticDrama,
poeticgenre,http://sparql.cwrc.ca/ontologies/genre#PoeticGenre,
poetry,http://sparql.cwrc.ca/ontologies/genre#poetry,
polemic,http://sparql.cwrc.ca/ontologies/genre#polemic,
political Statement,http://sparql.cwrc.ca/ontologies/genre#politicalStatement,
political writing (genres),http://sparql.cwrc.ca/ontologies/genre#PoliticalGenre,
political writing,http://sparql.cwrc.ca/ontologies/genre#politicalWriting,
politicalgenre,http://sparql.cwrc.ca/ontologies/genre#PoliticalGenre,
politicalstatement,http://sparql.cwrc.ca/ontologies/genre#politicalStatement,
politicalwriting,http://sparql.cwrc.ca/ontologies/genre#politicalWriting,
popular,http://sparql.cwrc.ca/ontologies/genre#popular,
pornography,http://sparql.cwrc.ca/ontologies/genre#pornography,
prayer,http://sparql.cwrc.ca/ontologies/genre#prayer,
pre-school,http://sparql.cwrc.ca/ontologies/genre#preSchool,
prefatory piece,http://sparql.cwrc.ca/ontologies/genre#prefatoryPiece,
prefatorypiece,http://sparql.cwrc.ca/ontologies/genre#prefatoryPiece,
preschool,http://sparql.cwrc.ca/ontologies/genre#preSchool,
print medium,http://sparql.cwrc.ca/ontologies/genre#PrintMedium,
printmedium,http://sparql.cwrc.ca/ontologies/genre#PrintMedium,
profile of author,http://sparql.cwrc.ca/ontologies/genre#profileOfAuthor,
profileofauthor,http://sparql.cwrc.ca/ontologies/genre#profileOfAuthor,
program notes,http://sparql.cwrc.ca/ontologies/genre#programNotes,
programnotes,http://sparql.cwrc.ca/ontologies/genre#programNotes,
proletarian writing,http://sparql.cwrc.ca/ontologies/genre#proletarianWriting,
proletarianwriting,http://sparql.cwrc.ca/ontologies/genre#proletarianWriting,
prologue,http://sparql.cwrc.ca/ontologies/genre#prologue,
propaganda,http://sparql.cwrc.ca/ontologies/genre#propaganda,
prophecy,http://sparql.cwrc.ca/ontologies/genre#prophecy,
prose poem,http://sparql.cwrc.ca/ontologies/genre#prosePoem,
prosepoem,http://sparql.cwrc.ca/ontologies/genre#prosePoem,
proverb form,http://sparql.cwrc.ca/ontologies/genre#ProverbForm,
proverb,http://sparql.cwrc.ca/ontologies/genre#proverb,
proverbform,http://sparql.cwrc.ca/ontologies/genre#ProverbForm,
psalm,http://sparql.cwrc.ca/ontologies/genre#psalm,
psychoanalytical,http://sparql.cwrc.ca/ontologies/genre#psychoanalytical,
puppetry,http://sparql.cwrc.ca/ontologies/genre#puppetry,
quest narrative,http://sparql.cwrc.ca/ontologies/genre#questNarrative,
questnarrative,http://sparql.cwrc.ca/ontologies/genre#questNarrative,
quiz,http://sparql.cwrc.ca/ontologies/genre#quiz,
radio drama,http://sparql.cwrc.ca/ontologies/genre#radioDrama,
radio play,http://sparql.cwrc.ca/ontologies/genre#radioDrama,
radio script,http://sparql.cwrc.ca/ontologies/genre#radioScript,
radiodrama,http://sparql.cwrc.ca/ontologies/genre#radioDrama,
radioscript,http://sparql.cwrc.ca/ontologies/genre#radioScript,
realia,http://sparql.cwrc.ca/ontologies/genre#realia,
realist,http://sparql.cwrc.ca/ontologies/genre#realist,
record form,http://sparql.cwrc.ca/ontologies/genre#RecordForm,
record,http://sparql.cwrc.ca/ontologies/genre#record,
recordform,http://sparql.cwrc.ca/ontologies/genre#RecordForm,
reference work genre,http://sparql.cwrc.ca/ontologies/genre#ReferenceWorkGenre,
referenceworkgenre,http://sparql.cwrc.ca/ontologies/genre#ReferenceWorkGenre,
reflection,http://sparql.cwrc.ca/ontologies/genre#reflection,
regional,http://sparql.cwrc.ca/ontologies/genre#regional,
register,http://sparql.cwrc.ca/ontologies/genre#register,
religious genre,http://sparql.cwrc.ca/ontologies/genre#ReligiousGenre,
religious,http://sparql.cwrc.ca/ontologies/genre#religious,
religiousgenre,http://sparql.cwrc.ca/ontologies/genre#ReligiousGenre,
religous writing (genres),http://sparql.cwrc.ca/ontologies/genre#ReligiousGenre,
research,http://sparql.cwrc.ca/ontologies/genre#research,
revenge comedy,http://sparql.cwrc.ca/ontologies/genre#revengeComedy,
revenge tragedy,http://sparql.cwrc.ca/ontologies/genre#revengeTragedy,
revengecomedy,http://sparql.cwrc.ca/ontologies/genre#revengeComedy,
revengetragedy,http://sparql.cwrc.ca/ontologies/genre#revengeTragedy,
review,http://sparql.cwrc.ca/ontologies/genre#review,
revue,http://sparql.cwrc.ca/ontologies/genre#revue,
riddle,http://sparql.cwrc.ca/ontologies/genre#riddle,
robinsonades,http://sparql.cwrc.ca/ontologies/genre#robinsonades,
romance genre,http://sparql.cwrc.ca/ontologies/genre#RomanceGenre,
romance,http://sparql.cwrc.ca/ontologies/genre#romance,
romancegenre,http://sparql.cwrc.ca/ontologies/genre#RomanceGenre,
rural idyll,http://sparql.cwrc.ca/ontologies/genre#ruralIdyll,
ruralidyll,http://sparql.cwrc.ca/ontologies/genre#ruralIdyll,
sage writing,http://sparql.cwrc.ca/ontologies/genre#sageWriting,
sagewriting,http://sparql.cwrc.ca/ontologies/genre#sageWriting,
satire,http://sparql.cwrc.ca/ontologies/genre#satire,
satirical genre,http://sparql.cwrc.ca/ontologies/genre#SatiricalGenre,
satiricalgenre,http://sparql.cwrc.ca/ontologies/genre#SatiricalGenre,
sayings,http://sparql.cwrc.ca/ontologies/genre#ProverbForm,
scholarly writing (genres),http://sparql.cwrc.ca/ontologies/genre#ScholarlyGenre,
scholarlygenre,http://sparql.cwrc.ca/ontologies/genre#ScholarlyGenre,
scholarlywriting,http://sparql.cwrc.ca/ontologies/genre#scholarlyWriting,
scholarship,http://sparql.cwrc.ca/ontologies/genre#scholarlyWriting,
school fiction,http://sparql.cwrc.ca/ontologies/genre#schoolFiction,
schoolfiction,http://sparql.cwrc.ca/ontologies/genre#schoolFiction,
science fiction,http://sparql.cwrc.ca/ontologies/genre#scienceFiction,
science,http://sparql.cwrc.ca/ontologies/genre#scientificWriting,
sciencefiction,http://sparql.cwrc.ca/ontologies/genre#scienceFiction,
scientific writing,http://sparql.cwrc.ca/ontologies/genre#scientificWriting,
scientificwriting,http://sparql.cwrc.ca/ontologies/genre#scientificWriting,
scrapbook,http://sparql.cwrc.ca/ontologies/genre#scrapbook,
screenplay,http://sparql.cwrc.ca/ontologies/genre#filmTvScript,
script form,http://sparql.cwrc.ca/ontologies/genre#ScriptForm,
script,http://sparql.cwrc.ca/ontologies/genre#script,
scriptform,http://sparql.cwrc.ca/ontologies/genre#ScriptForm,
scripture,http://sparql.cwrc.ca/ontologies/genre#scripture,
sea story,http://sparql.cwrc.ca/ontologies/genre#seaStory,
seastory,http://sparql.cwrc.ca/ontologies/genre#seaStory,
sensation novel,http://sparql.cwrc.ca/ontologies/genre#sensationNovel,
sensational,http://sparql.cwrc.ca/ontologies/genre#sensational,
sensationnovel,http://sparql.cwrc.ca/ontologies/genre#sensationNovel,
sensibility,http://sparql.cwrc.ca/ontologies/genre#novelOfSensibility,
sentimental,http://sparql.cwrc.ca/ontologies/genre#sentimental,
sequel,http://sparql.cwrc.ca/ontologies/genre#sequel,
serial form,http://sparql.cwrc.ca/ontologies/genre#SerialForm,
serial periodical,http://sparql.cwrc.ca/ontologies/genre#serialPeriodical,
serial volume,http://sparql.cwrc.ca/ontologies/genre#serialVolume,
serial,http://sparql.cwrc.ca/ontologies/genre#serial,
serialform,http://sparql.cwrc.ca/ontologies/genre#SerialForm,
serialperiodical,http://sparql.cwrc.ca/ontologies/genre#serialPeriodical,
serialvolume,http://sparql.cwrc.ca/ontologies/genre#serialVolume,
series form,http://sparql.cwrc.ca/ontologies/genre#SeriesForm,
seriesform,http://sparql.cwrc.ca/ontologies/genre#SeriesForm,
sermon,http://sparql.cwrc.ca/ontologies/genre#sermon,
sexual awakening fiction,http://sparql.cwrc.ca/ontologies/genre#sexualAwakeningFiction,
sexualawakeningfiction,http://sparql.cwrc.ca/ontologies/genre#sexualAwakeningFiction,
sheet music,http://sparql.cwrc.ca/ontologies/genre#MusicalNotationForm,
short story,http://sparql.cwrc.ca/ontologies/genre#shortStory,
shortstory,http://sparql.cwrc.ca/ontologies/genre#shortStory,
silver-fork novel,http://sparql.cwrc.ca/ontologies/genre#silverForkNovel,
silverforknovel,http://sparql.cwrc.ca/ontologies/genre#silverForkNovel,
sketch book,http://sparql.cwrc.ca/ontologies/genre#sketchBook,
sketch,http://sparql.cwrc.ca/ontologies/genre#sketch,
sketchbook,http://sparql.cwrc.ca/ontologies/genre#sketchBook,
slave narrative,http://sparql.cwrc.ca/ontologies/genre#slaveNarrative,
slavenarrative,http://sparql.cwrc.ca/ontologies/genre#slaveNarrative,
slavery,http://sparql.cwrc.ca/ontologies/genre#slaveNarrative,
social reform,http://sparql.cwrc.ca/ontologies/genre#socialReform,
social science writing (genres),http://sparql.cwrc.ca/ontologies/genre#SocialScienceGenre,
social science,http://sparql.cwrc.ca/ontologies/genre#socialScience,
socialreform,http://sparql.cwrc.ca/ontologies/genre#socialReform,
socialscience,http://sparql.cwrc.ca/ontologies/genre#socialScience,
socialsciencegenre,http://sparql.cwrc.ca/ontologies/genre#SocialScienceGenre,
song genre,http://sparql.cwrc.ca/ontologies/genre#SongGenre,
song,http://sparql.cwrc.ca/ontologies/genre#song,
songgenre,http://sparql.cwrc.ca/ontologies/genre#SongGenre,
sonnet,http://sparql.cwrc.ca/ontologies/genre#sonnet,
sound recording - musical,http://sparql.cwrc.ca/ontologies/genre#soundRecordingMusical,
sound recording – nonmusical,http://sparql.cwrc.ca/ontologies/genre#soundRecordingNonmusical,
sound recording medium,http://sparql.cwrc.ca/ontologies/genre#SoundRecordingMedium,
sound,http://sparql.cwrc.ca/ontologies/genre#soundRecordingNonmusical,
soundrecordingmedium,http://sparql.cwrc.ca/ontologies/genre#SoundRecordingMedium,
soundrecordingmusical,http://sparql.cwrc.ca/ontologies/genre#soundRecordingMusical,
soundrecordingnonmusical,http://sparql.cwrc.ca/ontologies/genre#soundRecordingNonmusical,
speech,http://sparql.cwrc.ca/ontologies/genre#speech,
stagereview,http://sparql.cwrc.ca/ontologies/genre#criticism,
standalone work/book,http://sparql.cwrc.ca/ontologies/genre#StandaloneWork,
standalonework,http://sparql.cwrc.ca/ontologies/genre#StandaloneWork,
stencil,http://sparql.cwrc.ca/ontologies/genre#mimeograph,
still image medium,http://sparql.cwrc.ca/ontologies/genre#StillImageMedium,
stillimagemedium,http://sparql.cwrc.ca/ontologies/genre#StillImageMedium,
suffragist,http://sparql.cwrc.ca/ontologies/genre#suffragist,
summary,http://sparql.cwrc.ca/ontologies/genre#summary,
sunday school story,http://sparql.cwrc.ca/ontologies/genre#sundaySchoolStory,
sundayschoolstory,http://sparql.cwrc.ca/ontologies/genre#sundaySchoolStory,
survey,http://sparql.cwrc.ca/ontologies/genre#survey,
television broadcast,http://sparql.cwrc.ca/ontologies/genre#television,
television broadcasting,http://sparql.cwrc.ca/ontologies/genre#television,
television,http://sparql.cwrc.ca/ontologies/genre#television,
temperance,http://sparql.cwrc.ca/ontologies/genre#temperance,
testimony,http://sparql.cwrc.ca/ontologies/genre#testimony,
textbook,http://sparql.cwrc.ca/ontologies/genre#textbook,
textual medium,http://sparql.cwrc.ca/ontologies/genre#TextualMedium,
textualmedium,http://sparql.cwrc.ca/ontologies/genre#TextualMedium,
theatre for young audiences,http://sparql.cwrc.ca/ontologies/genre#theatreForYoungAudiences,
theatre of cruelty,http://sparql.cwrc.ca/ontologies/genre#theatreOfCruelty,
theatre of the absurd,http://sparql.cwrc.ca/ontologies/genre#theatreOfTheAbsurd,
theatreforyoungaudiences,http://sparql.cwrc.ca/ontologies/genre#theatreForYoungAudiences,
theatreofcruelty,http://sparql.cwrc.ca/ontologies/genre#theatreOfCruelty,
theatreoftheabsurd,http://sparql.cwrc.ca/ontologies/genre#theatreOfTheAbsurd,
thematic genre,http://sparql.cwrc.ca/ontologies/genre#ThematicGenre,
thematic writing,http://sparql.cwrc.ca/ontologies/genre#thematicWriting,
thematicgenre,http://sparql.cwrc.ca/ontologies/genre#ThematicGenre,
thematicwriting,http://sparql.cwrc.ca/ontologies/genre#thematicWriting,
theology,http://sparql.cwrc.ca/ontologies/genre#theology,
thesaurus,http://sparql.cwrc.ca/ontologies/genre#thesaurus,
three dimensional medium,http://sparql.cwrc.ca/ontologies/genre#ThreeDimensionalMedium,
three dimensional object,http://sparql.cwrc.ca/ontologies/genre#threeDimensionalObject,
threedimensionalmedium,http://sparql.cwrc.ca/ontologies/genre#ThreeDimensionalMedium,
threedimensionalobject,http://sparql.cwrc.ca/ontologies/genre#threeDimensionalObject,
thriller,http://sparql.cwrc.ca/ontologies/genre#thriller,
topographical poetry,http://sparql.cwrc.ca/ontologies/genre#topographicalPoetry,
topographicalpoetry,http://sparql.cwrc.ca/ontologies/genre#topographicalPoetry,
tract pamphlet,http://sparql.cwrc.ca/ontologies/genre#tractPamphlet,
tractpamphlet,http://sparql.cwrc.ca/ontologies/genre#tractPamphlet,
tragedy,http://sparql.cwrc.ca/ontologies/genre#tragedy,
tragicomedy,http://sparql.cwrc.ca/ontologies/genre#tragicomedy,
translation,http://sparql.cwrc.ca/ontologies/genre#translation,
travel literature,http://sparql.cwrc.ca/ontologies/genre#travel,
travel writing,http://sparql.cwrc.ca/ontologies/genre#travel,
travel,http://sparql.cwrc.ca/ontologies/genre#travel,
TRAVELWRITING,http://sparql.cwrc.ca/ontologies/genre#travel,
travelwriting,http://sparql.cwrc.ca/ontologies/genre#travel,
treatise,http://sparql.cwrc.ca/ontologies/genre#treatise,
tv script,http://sparql.cwrc.ca/ontologies/genre#filmTvScript,
unpublished conference paper,http://sparql.cwrc.ca/ontologies/genre#Unpublished,
unpublished interview,http://sparql.cwrc.ca/ontologies/genre#interview,
unpublished lecture,http://sparql.cwrc.ca/ontologies/genre#Unpublished,http://sparql.cwrc.ca/ontologies/genre#lecture
unpublished manuscript,http://sparql.cwrc.ca/ontologies/genre#manuscript,
unpublished palyscript,http://sparql.cwrc.ca/ontologies/genre#playScript,
unpublished pamphlet,http://sparql.cwrc.ca/ontologies/genre#Unpublished,
unpublished paper,http://sparql.cwrc.ca/ontologies/genre#Unpublished,
unpublished playscript,http://sparql.cwrc.ca/ontologies/genre#Unpublished,http://sparql.cwrc.ca/ontologies/genre#playScript
unpublished plenary lecture,http://sparql.cwrc.ca/ontologies/genre#Unpublished,http://sparql.cwrc.ca/ontologies/genre#lecture
unpublished public lecture,http://sparql.cwrc.ca/ontologies/genre#Unpublished,http://sparql.cwrc.ca/ontologies/genre#lecture
unpublished typescript,http://sparql.cwrc.ca/ontologies/genre#manuscript,
unpublished,http://sparql.cwrc.ca/ontologies/genre#Unpublished,
utopia,http://sparql.cwrc.ca/ontologies/genre#utopia,
verse novel,http://sparql.cwrc.ca/ontologies/genre#verseNovel,
verse poem,http://sparql.cwrc.ca/ontologies/genre#versePoem,
versenovel,http://sparql.cwrc.ca/ontologies/genre#verseNovel,
versepoem,http://sparql.cwrc.ca/ontologies/genre#versePoem,
video game,http://sparql.cwrc.ca/ontologies/genre#videoGame,
video recording,http://sparql.cwrc.ca/ontologies/genre#videoRecording,
video,http://sparql.cwrc.ca/ontologies/genre#videoRecording,
videogame,http://sparql.cwrc.ca/ontologies/genre#videoGame,
videorecording,http://sparql.cwrc.ca/ontologies/genre#videoRecording,
vignette,http://sparql.cwrc.ca/ontologies/genre#vignette,
villanelle,http://sparql.cwrc.ca/ontologies/genre#villanelle,
visual art medium,http://sparql.cwrc.ca/ontologies/genre#VisualArtMedium,
visual art,http://sparql.cwrc.ca/ontologies/genre#visualArt,
visual medium,http://sparql.cwrc.ca/ontologies/genre#VisualMedium,
visualart,http://sparql.cwrc.ca/ontologies/genre#visualArt,
visualartmedium,http://sparql.cwrc.ca/ontologies/genre#VisualArtMedium,
visualmedium,http://sparql.cwrc.ca/ontologies/genre#VisualMedium,
voice recording,http://sparql.cwrc.ca/ontologies/genre#soundRecordingNonmusical,
war,http://sparql.cwrc.ca/ontologies/genre#war,
web site,http://sparql.cwrc.ca/ontologies/genre#website,
webpage,http://sparql.cwrc.ca/ontologies/genre#webpage,
website,http://sparql.cwrc.ca/ontologies/genre#website,
western,http://sparql.cwrc.ca/ontologies/genre#western,
young adult writing,http://sparql.cwrc.ca/ontologies/genre#youngAdultWriting,
youngadultwriting,http://sparql.cwrc.ca/ontologies/genre#youngAdultWriting,
part,http://sparql.cwrc.ca/ontologies/genre#partExcerpt,
excerpt,http://sparql.cwrc.ca/ontologies/genre#partExcerpt,
part/excerpt,http://sparql.cwrc.ca/ontologies/genre#partExcerpt,
public speech,http://sparql.cwrc.ca/ontologies/genre#speech,
